date,open,high,low,close,volume
2021-01-01,14000.0,14052.902161164498,13845.610376003066,14000.0,276326
2021-01-04,14076.756379816203,14114.517971632771,14013.61746826546,14076.756379816203,402240
2021-01-05,14063.84260718351,14127.022168601023,13974.194397561656,14063.84260718351,415929
2021-01-06,14162.3496611145,14164.345218137081,14116.21424984822,14162.3496611145,152344
2021-01-07,14386.49559053771,14387.15154256277,14304.659041132787,14386.49559053771,346060
2021-01-08,14359.393537484519,14437.357546336445,14344.927056332399,14359.393537484519,482526
2021-01-11,14332.344916863844,14366.36261088915,14331.877588167941,14332.344916863844,299618
2021-01-12,14567.297333549748,14569.120209296723,14523.683253977699,14567.297333549748,259484
2021-01-13,14686.91240537213,14746.96471539423,14637.833114298299,14686.91240537213,210489
2021-01-14,14624.409803373419,14726.064627916281,14570.725510872238,14624.409803373419,358667
2021-01-15,14711.347264727054,14752.377970349982,14705.315939204233,14711.347264727054,111549
2021-01-18,14649.638741027617,14650.397051731261,14616.143777372796,14649.638741027617,125739
2021-01-19,14587.847675059094,14683.532010719831,14481.661103671955,14587.847675059094,383353
2021-01-20,14630.370389499949,14708.285426488497,14578.834431402645,14630.370389499949,207051
2021-01-21,14355.204405508337,14377.112220611449,14298.569055334292,14355.204405508337,115116
2021-01-22,14112.467271354617,14155.475876376939,14106.55226863901,14112.467271354617,120045
2021-01-25,14039.207546943157,14052.332191582831,13940.198903563176,14039.207546943157,135709
2021-01-26,13902.575344297426,13906.51324354308,13874.091553576842,13902.575344297426,405761
2021-01-27,13953.229459243326,13990.184081965517,13893.154673267167,13953.229459243326,257977
2021-01-28,13832.173585220009,13837.049341898306,13735.115300064725,13832.173585220009,303675
2021-01-29,13641.863724042545,13675.047669675543,13594.260217359842,13641.863724042545,329167
2021-02-01,13849.882249601287,13854.347064867448,13819.20171198119,13849.882249601287,481923
2021-02-02,13824.960484299716,13961.514220389205,13791.815627665745,13824.960484299716,405063
2021-02-03,13840.953347954772,13905.959834774412,13820.428906532585,13840.953347954772,445665
2021-02-04,13648.786638826656,13658.619740353428,13617.177086601876,13648.786638826656,319222
2021-02-05,13580.397050610147,13662.537725199236,13567.000514098716,13580.397050610147,289518
2021-02-08,13602.046717157618,13642.848010219486,13580.874541559486,13602.046717157618,283500
2021-02-09,13450.727560832796,13553.676122879662,13336.399243280519,13450.727560832796,368591
2021-02-10,13508.066271495802,13590.381850805294,13435.693891930021,13508.066271495802,105499
2021-02-11,13432.722620929946,13447.058215333049,13419.918845834247,13432.722620929946,139041
2021-02-12,13399.626995989058,13499.502866923865,13336.560942640748,13399.626995989058,393459
2021-02-15,13324.743956006516,13334.64873501556,13255.953372791711,13324.743956006516,232371
2021-02-16,13579.851505648518,13602.73939281062,13552.832554406725,13579.851505648518,482650
2021-02-17,13584.470708948927,13626.134461527243,13461.578363391603,13584.470708948927,236066
2021-02-18,13446.119210212526,13466.454427522502,13431.459854698809,13446.119210212526,326486
2021-02-19,13563.996818387783,13590.322964046109,13506.51029883305,13563.996818387783,312235
2021-02-22,13403.551597365298,13414.97251051349,13359.85006204367,13403.551597365298,357831
2021-02-23,13438.150689603941,13448.93977637483,13364.93742484305,13438.150689603941,453791
2021-02-24,13179.124586118112,13179.32530551358,13127.412211329838,13179.124586118112,394499
2021-02-25,13008.973302621815,13037.393887547449,12984.873652807,13008.973302621815,435949
2021-02-26,13040.98012821475,13118.616100260857,12949.330270384835,13040.98012821475,430511
2021-03-01,13144.25470130034,13206.660608344908,13143.228244503123,13144.25470130034,472050
2021-03-02,13173.217020233616,13271.021436190089,13113.787555120145,13173.217020233616,479553
2021-03-03,13164.134948011755,13332.235760343898,13104.385823735027,13164.134948011755,439499
2021-03-04,13130.452540527465,13191.79275678845,13030.708113252642,13130.452540527465,216220
2021-03-05,12941.03380794344,13029.4779251812,12907.982919511112,12941.03380794344,321421
2021-03-08,12853.30450576793,12867.749396532368,12787.072675344136,12853.30450576793,449317
2021-03-09,12799.749773846412,12874.6355435498,12757.649185436925,12799.749773846412,364140
2021-03-10,12942.223545553257,13058.831713792631,12886.926262983203,12942.223545553257,351071
2021-03-11,12993.209917900758,13028.386612352177,12922.271285979217,12993.209917900758,406531
2021-03-12,12768.510750631645,12816.977154760254,12711.675076705877,12768.510750631645,103089
2021-03-15,12816.298815540275,12853.242463370176,12805.287093904979,12816.298815540275,460971
2021-03-16,12772.658368530663,12938.130858610572,12737.325924406472,12772.658368530663,382803
2021-03-17,12691.596155996252,12726.259725694628,12616.995296107461,12691.596155996252,407322
2021-03-18,12775.884954748546,12800.913169237709,12718.708408091592,12775.884954748546,195965
2021-03-19,12914.729297961181,13010.228010792885,12876.16409412195,12914.729297961181,181268
2021-03-22,13042.102259461168,13054.059253581398,12980.260001217928,13042.102259461168,447186
2021-03-23,12937.995933224818,12938.986327056511,12908.031127607705,12937.995933224818,468615
2021-03-24,12903.834742082834,12941.210150974564,12815.628140461751,12903.834742082834,301798
2021-03-25,12953.06302686039,12960.807687104609,12898.130756688246,12953.06302686039,432255
2021-03-26,13086.5930596276,13150.263845868998,13005.945404343205,13086.5930596276,337103
2021-03-29,13029.62146822578,13107.575836857553,12993.640172601336,13029.62146822578,344754
2021-03-30,13011.444154491648,13021.757647923027,12970.742344719361,13011.444154491648,265637
2021-03-31,12872.551959359089,12874.309354876928,12827.70580217633,12872.551959359089,462579
2021-04-01,12723.48215630234,12782.854247423922,12686.455133098358,12723.48215630234,189242
2021-04-02,12833.73979375073,12862.18463908563,12817.02755255614,12833.73979375073,475348
2021-04-05,13015.283375330811,13072.86316560242,12980.217478066623,13015.283375330811,253956
2021-04-06,13012.034717286404,13023.286617966112,12946.417974468997,13012.034717286404,379343
2021-04-07,13149.84324278379,13262.386733739868,13020.802141835018,13149.84324278379,160038
2021-04-08,13204.035574610401,13294.608732090972,13180.951616294355,13204.035574610401,157786
2021-04-09,13124.467983978266,13230.353658511349,13021.781964608357,13124.467983978266,471780
2021-04-12,13178.523937609816,13275.463204495696,13172.24145853657,13178.523937609816,336042
2021-04-13,13389.092263792365,13403.10553392428,13371.455601433081,13389.092263792365,411438
2021-04-14,13390.633320771436,13435.429859313033,13345.162561379717,13390.633320771436,309087
2021-04-15,13608.181783881118,13678.937844001099,13587.630333560812,13608.181783881118,265250
2021-04-16,13255.343971292905,13295.482182760768,13233.509252649847,13255.343971292905,362678
2021-04-19,13371.463290550297,13493.5453998147,13322.532379271195,13371.463290550297,453972
2021-04-20,13389.562133823878,13434.947786705998,13367.130732329586,13389.562133823878,398276
2021-04-21,13355.58584755219,13388.167561039641,13334.473607415342,13355.58584755219,477864
2021-04-22,13374.297720095605,13518.560131686707,13342.91709781315,13374.297720095605,398254
2021-04-23,13112.741645939039,13152.454562421202,13012.063843287435,13112.741645939039,289826
2021-04-26,13089.953090396983,13138.523058437993,13040.421448795118,13089.953090396983,425724
2021-04-27,13143.30180778787,13162.97027135344,13103.052496750006,13143.30180778787,426160
2021-04-28,13345.340147811869,13432.201049269259,13277.500236944894,13345.340147811869,146233
2021-04-29,13281.983381381178,13385.683210205014,13265.774017405876,13281.983381381178,492007
2021-04-30,13180.075250921713,13182.184336386854,13177.484885877504,13180.075250921713,297780
2021-05-03,13119.696730914764,13169.119800767732,13110.873945801593,13119.696730914764,324522
2021-05-04,13246.991593193403,13277.45782874649,13224.878392341216,13246.991593193403,206311
2021-05-05,13297.193587509293,13342.252149853413,13202.027781545596,13297.193587509293,134409
2021-05-06,13232.525472389369,13365.736462582769,13160.952943493798,13232.525472389369,346231
2021-05-07,13307.281830291906,13316.366400944458,13219.971477141355,13307.281830291906,386198
2021-05-10,13326.639137443772,13350.98167986111,13285.188626048563,13326.639137443772,129709
2021-05-11,13463.093451466182,13475.525292548704,13373.63568410782,13463.093451466182,209321
2021-05-12,13374.239194240397,13464.323140345497,13348.37284585006,13374.239194240397,100363
2021-05-13,13336.439133449156,13401.228490878168,13263.690163267771,13336.439133449156,372502
2021-05-14,13290.08316164253,13369.851164967396,13156.366953807137,13290.08316164253,496456
2021-05-17,13100.371827041403,13143.39962356931,13033.316948556938,13100.371827041403,145689
2021-05-18,13145.709624366897,13214.521563271383,13129.322932341072,13145.709624366897,364080
2021-05-19,13186.558343477178,13221.941357634121,13117.652742789107,13186.558343477178,474416
2021-05-20,13193.517276347928,13271.735317593848,13183.959375702445,13193.517276347928,191074
2021-05-21,13168.604939489502,13215.943000079933,13167.031090820146,13168.604939489502,275037
2021-05-24,12987.01770346721,13051.6961481125,12964.198588964886,12987.01770346721,308606
2021-05-25,12938.140856319129,12987.09846359554,12837.002545053025,12938.140856319129,100882
2021-05-26,12899.610462591578,12991.314481354215,12846.823407681226,12899.610462591578,467371
2021-05-27,12801.444371103391,12897.54056724326,12703.361770185686,12801.444371103391,354822
2021-05-28,12786.730177191002,12807.360277355472,12754.772038813371,12786.730177191002,225865
2021-05-31,12844.892413643427,12861.002029194202,12755.022727298037,12844.892413643427,223745
2021-06-01,13095.202854067351,13182.167712652836,13071.130643712966,13095.202854067351,128885
2021-06-02,13124.4807083783,13160.981858517298,12986.671921444517,13124.4807083783,271128
2021-06-03,13164.799827282179,13194.808183597977,13123.626388122475,13164.799827282179,496419
2021-06-04,13161.190647045181,13303.660690107898,13102.937145473257,13161.190647045181,291313
2021-06-07,12912.928402505233,12954.476926678262,12874.68315228457,12912.928402505233,495460
2021-06-08,12915.626632893092,12975.544816239657,12907.648153331511,12915.626632893092,460466
2021-06-09,12929.617536215961,12933.303325713281,12803.284995096239,12929.617536215961,430763
2021-06-10,13256.780010255747,13274.583354022465,13223.257146259186,13256.780010255747,121584
2021-06-11,13237.390301673318,13338.554967294353,13167.304436556962,13237.390301673318,370665
2021-06-14,13283.92637382056,13317.656637803284,13185.51483607507,13283.92637382056,281089
2021-06-15,13285.604515276067,13321.362459367954,13155.233729075373,13285.604515276067,395685
2021-06-16,13135.43763362909,13205.876899833303,13135.194912293731,13135.43763362909,129063
2021-06-17,13292.994078548603,13317.250650912421,13225.767217846833,13292.994078548603,170268
2021-06-18,13400.068655001241,13456.295990792658,13310.189308165518,13400.068655001241,356306
2021-06-21,13513.286412469062,13583.880441894999,13463.119402013896,13513.286412469062,226218
2021-06-22,13395.861716599005,13527.566921383024,13363.356267294772,13395.861716599005,480350
2021-06-23,13591.642612575386,13731.378774813276,13507.994580156752,13591.642612575386,324126
2021-06-24,13406.074011224622,13480.022476227958,13293.12688057294,13406.074011224622,270635
2021-06-25,13491.75429478259,13506.679792413837,13453.783043469048,13491.75429478259,270824
2021-06-28,13796.046079587859,13815.140724791412,13735.356282775872,13796.046079587859,326305
2021-06-29,13664.880485201873,13685.883864131432,13529.115722161047,13664.880485201873,495783
2021-06-30,13593.391923189407,13648.83510137129,13557.303445620579,13593.391923189407,494890
2021-07-01,13613.518052250727,13672.088409087071,13590.706031080883,13613.518052250727,176411
2021-07-02,13550.918098297858,13590.424271372922,13527.72313851227,13550.918098297858,209876
2021-07-05,13345.580659212263,13356.732340768474,13241.874792952241,13345.580659212263,298153
2021-07-06,13361.15815887273,13380.036135927732,13304.107618439768,13361.15815887273,260212
2021-07-07,13224.462494017202,13240.906526371247,13197.030627769213,13224.462494017202,240399
2021-07-08,13293.885017414148,13400.724353768443,13263.090495167764,13293.885017414148,123331
2021-07-09,13177.022000364559,13209.369939061384,13174.155031634291,13177.022000364559,123004
2021-07-12,13389.146502901112,13438.343434596856,13351.781444256381,13389.146502901112,338441
2021-07-13,13289.822324033596,13333.870195446194,13121.735304080967,13289.822324033596,481387
2021-07-14,13253.011051297342,13330.771361305651,13233.356341632596,13253.011051297342,289167
2021-07-15,13367.989845580209,13380.08931737312,13351.859899702793,13367.989845580209,425361
2021-07-16,13208.512992130343,13294.159100296267,13132.497069742278,13208.512992130343,189044
2021-07-19,13245.084341501155,13271.553844657381,13219.49991686364,13245.084341501155,371189
2021-07-20,13425.892339765833,13469.617577419898,13412.166296768131,13425.892339765833,382260
2021-07-21,13214.760548028798,13249.688262383881,13098.769593023184,13214.760548028798,118667
2021-07-22,13245.645093300136,13284.478941739693,13141.466788275353,13245.645093300136,437201
2021-07-23,13286.64781994721,13368.910975304916,13255.702847199993,13286.64781994721,174205
2021-07-26,13397.674029795262,13399.09897805131,13387.569657340408,13397.674029795262,127302
2021-07-27,13237.021169761823,13257.461315390292,13232.12694230477,13237.021169761823,262007
2021-07-28,13067.153638077227,13178.369159110127,13037.644119241872,13067.153638077227,172534
2021-07-29,13142.118160270258,13157.938193931755,13129.302953348746,13142.118160270258,325414
2021-07-30,13187.714931406277,13359.2662076646,13137.714892595845,13187.714931406277,262696
2021-08-02,13227.290223327598,13264.691024361895,13152.515337496781,13227.290223327598,113440
2021-08-03,13279.77690731704,13396.689590458547,13238.42957666165,13279.77690731704,473145
2021-08-04,13195.080953984125,13244.782972366524,13153.547484850451,13195.080953984125,408645
2021-08-05,13232.252654366435,13257.470574616931,13179.038107637887,13232.252654366435,494485
2021-08-06,13277.640383934213,13363.26475019871,13218.19934680687,13277.640383934213,370012
2021-08-09,13188.364251235977,13232.755055574415,13146.716865509972,13188.364251235977,261323
2021-08-10,13442.654772557433,13451.960852526876,13425.638708080649,13442.654772557433,440053
2021-08-11,13513.25529183542,13595.976564937031,13457.827701487615,13513.25529183542,184523
2021-08-12,13357.433672761601,13371.393744237916,13355.188784743596,13357.433672761601,269801
2021-08-13,13452.186349507736,13509.393147728193,13421.600052053398,13452.186349507736,115734
2021-08-16,13326.43965173237,13365.12120533356,13292.028809314203,13326.43965173237,273501
2021-08-17,13438.5051157699,13478.05318526409,13425.304029837518,13438.5051157699,272409
2021-08-18,13601.833162875413,13715.401975206025,13587.832834706218,13601.833162875413,445744
2021-08-19,13495.799939298926,13522.431979340066,13445.421579279327,13495.799939298926,370577
2021-08-20,13633.269630810497,13714.788611968723,13621.219581662905,13633.269630810497,240183
2021-08-23,13696.482073547935,13726.92953592358,13590.428959702158,13696.482073547935,203986
2021-08-24,13816.487609957203,13899.153830501826,13782.55751164734,13816.487609957203,425897
2021-08-25,14087.208790374081,14130.159485823819,14067.143287602285,14087.208790374081,213783
2021-08-26,14059.075377055324,14068.496164295693,14041.067124803283,14059.075377055324,311655
2021-08-27,13958.964131975054,13959.989291891996,13942.108861050685,13958.964131975054,383895
2021-08-30,13840.46268498356,13894.779464052168,13836.1884594664,13840.46268498356,247525
2021-08-31,13733.248865206542,13777.763847868651,13700.327416785602,13733.248865206542,316916
2021-09-01,13729.116232479782,13737.41878843148,13669.084499689514,13729.116232479782,261149
2021-09-02,13782.861317949297,13811.773105413053,13738.083197894919,13782.861317949297,339654
2021-09-03,13827.861968723702,13889.22256538855,13744.673491978845,13827.861968723702,289216
2021-09-06,13949.732640495211,13980.244772149596,13877.051435743646,13949.732640495211,410714
2021-09-07,13958.203437482196,14008.619167242221,13924.201050035324,13958.203437482196,277169
2021-09-08,14169.341321232841,14195.755322172137,14144.40885488104,14169.341321232841,386647
2021-09-09,14138.292048263598,14260.373644691257,14083.85990196403,14138.292048263598,233851
2021-09-10,14532.650277849343,14561.689142468895,14438.470226845162,14532.650277849343,448984
2021-09-13,14631.215429229,14647.652482359665,14597.847418786334,14631.215429229,231827
2021-09-14,14511.778686891581,14579.446445679414,14498.614572096558,14511.778686891581,401407
2021-09-15,14362.054986918072,14463.908220157793,14319.325757382237,14362.054986918072,470635
2021-09-16,14438.73479320357,14565.854050492202,14398.492375046326,14438.73479320357,417231
2021-09-17,14413.090117435284,14523.03722718595,14383.327243290994,14413.090117435284,151482
2021-09-20,14523.67655510176,14615.363370810708,14456.381222592468,14523.67655510176,222989
2021-09-21,14599.86743397296,14640.152712834899,14597.572395374431,14599.86743397296,402259
2021-09-22,14596.10277104839,14782.801469460572,14534.184013355643,14596.10277104839,376393
2021-09-23,14478.47733336881,14519.324563706656,14436.98724310313,14478.47733336881,344255
2021-09-24,14264.311198551242,14277.473684655748,14136.940421551177,14264.311198551242,210361
2021-09-27,14206.907941244357,14316.4510119014,14181.361812996996,14206.907941244357,386744
2021-09-28,14336.302739487062,14480.102514327968,14314.718909628391,14336.302739487062,399850
2021-09-29,14374.065314813435,14522.2262500999,14360.853068089751,14374.065314813435,381366
2021-09-30,14200.431259885261,14286.227867856785,14009.220062755701,14200.431259885261,461185
2021-10-01,14231.980217992179,14304.852406038859,14207.08848284266,14231.980217992179,466648
2021-10-04,14294.029155729451,14336.377143166637,14222.269227323432,14294.029155729451,141139
2021-10-05,14173.498255107226,14228.658751881683,14166.732943409515,14173.498255107226,214919
2021-10-06,14202.208006814264,14241.34827778268,14076.074907318105,14202.208006814264,347677
2021-10-07,14217.303238468876,14275.466146643832,14211.573683085393,14217.303238468876,403446
2021-10-08,14060.289228261594,14060.526457497526,14001.724182737664,14060.289228261594,325756
2021-10-11,14117.68822335698,14129.701290563062,14053.072250791723,14117.68822335698,449982
2021-10-12,14204.206601120175,14236.395325370511,14165.177683140219,14204.206601120175,239718
2021-10-13,14366.025481409064,14416.047080484548,14357.638170800692,14366.025481409064,244615
2021-10-14,14525.452690580583,14594.833893641364,14479.293863793348,14525.452690580583,325568
2021-10-15,14330.674917247383,14337.009568986856,14206.080349983253,14330.674917247383,253857
2021-10-18,14202.039949692327,14306.959655882423,14179.228436702546,14202.039949692327,440497
2021-10-19,14282.52657467135,14364.057600234473,14151.658851305887,14282.52657467135,451136
2021-10-20,14363.289493623362,14377.19742800743,14304.82000636812,14363.289493623362,413572
2021-10-21,14444.691759267667,14496.46314660402,14409.875232848874,14444.691759267667,123777
2021-10-22,15012.484770064139,15152.59153274702,14984.806766272528,15012.484770064139,157939
2021-10-25,15106.015942553724,15112.260821346132,15076.272401228778,15106.015942553724,448594
2021-10-26,15286.10406858972,15295.40929400591,15138.771050299501,15286.10406858972,123548
2021-10-27,15440.365690060085,15557.206777506015,15418.835382107221,15440.365690060085,225549
2021-10-28,15549.090525408938,15598.133265347076,15483.383336397857,15549.090525408938,237799
2021-10-29,15507.085826211043,15586.496591145782,15503.29456210708,15507.085826211043,341532
2021-11-01,15633.094563108165,15778.020585199456,15523.257234337167,15633.094563108165,281789
2021-11-02,15518.767311274356,15613.512000274774,15514.701048901423,15518.767311274356,247764
2021-11-03,15489.115343083138,15534.196235432983,15357.139908592811,15489.115343083138,131625
2021-11-04,15420.718286690422,15438.181024114312,15324.578457294077,15420.718286690422,387062
2021-11-05,15440.786874771713,15514.859358639416,15435.999921301702,15440.786874771713,476970
2021-11-08,15808.366478821921,15837.786384432082,15733.1621845332,15808.366478821921,214881
2021-11-09,15518.37663995181,15602.854695685797,15489.93867003552,15518.37663995181,377721
2021-11-10,15633.104666386427,15780.414341253998,15499.920652111707,15633.104666386427,447299
2021-11-11,15386.438386621714,15505.163493938278,15315.317191787299,15386.438386621714,211776
2021-11-12,15320.577727546268,15358.025005363983,15200.855933259072,15320.577727546268,461390
2021-11-15,15496.025625972426,15582.773728160088,15474.796606885597,15496.025625972426,333996
2021-11-16,15513.444277134347,15524.372431838707,15494.565658124438,15513.444277134347,357831
2021-11-17,15352.314573152704,15488.062760371042,15329.298521601411,15352.314573152704,312803
2021-11-18,15248.94140192409,15273.581229607078,15103.7610655458,15248.94140192409,258761
2021-11-19,15360.653498891515,15371.989859809886,15235.774541379966,15360.653498891515,242226
2021-11-22,15254.892124167409,15290.43880697703,15085.655858624978,15254.892124167409,457092
2021-11-23,15295.437918721513,15417.396327542385,15283.274588011793,15295.437918721513,121341
2021-11-24,15309.746976000912,15349.062414393058,15287.117295387774,15309.746976000912,459698
2021-11-25,15216.490351246459,15257.019537180542,15101.100467648703,15216.490351246459,305753
2021-11-26,15552.548302009256,15643.524242492847,15437.697832003732,15552.548302009256,469942
2021-11-29,15659.324223693955,15884.212649960165,15567.891030618432,15659.324223693955,408474
2021-11-30,15347.15045583031,15349.26183276826,15330.516019869247,15347.15045583031,349141
2021-12-01,15383.300259340409,15519.615651573738,15298.899588050863,15383.300259340409,449903
2021-12-02,15288.016249503142,15415.003038836365,15243.00322142327,15288.016249503142,299488
2021-12-03,15426.646618801013,15461.90393090668,15362.065860546003,15426.646618801013,356139
2021-12-06,15310.76677499917,15356.868417025626,15264.231593276674,15310.76677499917,448951
2021-12-07,15300.351715406465,15336.213770371845,15259.107880526764,15300.351715406465,395457
2021-12-08,15385.513225651139,15462.316587545785,15343.336241673482,15385.513225651139,409044
2021-12-09,15527.093528190026,15550.52328346276,15462.397260247899,15527.093528190026,178840
2021-12-10,15346.642923895368,15405.42672631241,15261.863250070226,15346.642923895368,265767
2021-12-13,15302.21032455551,15396.084275785823,15285.336468048292,15302.21032455551,261297
2021-12-14,15236.245429225386,15243.875289675316,15143.459806388892,15236.245429225386,448216
2021-12-15,15143.171026647185,15158.592358810029,15104.313925056786,15143.171026647185,458511
2021-12-16,15419.841253538594,15487.53301409438,15364.490276897372,15419.841253538594,149156
2021-12-17,15490.12523612458,15554.167637321421,15472.270959554317,15490.12523612458,308281
2021-12-20,15300.644986240823,15317.971351850136,15210.392203268591,15300.644986240823,187453
2021-12-21,15449.48001104834,15477.858041319867,15434.485701226311,15449.48001104834,258901
2021-12-22,15787.290839322175,15859.405970325563,15745.358666487296,15787.290839322175,125938
2021-12-23,15959.095434473886,16023.185482098226,15920.484266199768,15959.095434473886,159164
2021-12-24,15722.300451244408,15839.642942051009,15635.647609420526,15722.300451244408,299271
2021-12-27,15653.052675985187,15674.272236029297,15599.725894443953,15653.052675985187,160282
2021-12-28,15860.384474643588,15862.078942161335,15827.981129647094,15860.384474643588,409945
2021-12-29,15754.81066121762,15813.67155386174,15730.56334030406,15754.81066121762,365470
2021-12-30,15832.788621473872,16024.701039516714,15766.402863034948,15832.788621473872,496875
2021-12-31,15963.943766942717,16034.508021917378,15893.169145029948,15963.943766942717,258666
2022-01-03,15822.401207329938,15880.694406164785,15780.090734988436,15822.401207329938,215819
2022-01-04,15820.442888994698,15842.696521747142,15723.227809738117,15820.442888994698,366907
2022-01-05,15311.139902375697,15316.268423593649,15262.350361997569,15311.139902375697,241900
2022-01-06,15160.3455923928,15199.454676618114,15125.599088188808,15160.3455923928,409732
2022-01-07,15128.97190589726,15247.170467749826,14971.099040240864,15128.97190589726,373365
2022-01-10,14945.907081505624,14985.442942289823,14902.218870102608,14945.907081505624,113569
2022-01-11,15198.93157199435,15259.291444572471,15196.57125901733,15198.93157199435,327966
2022-01-12,14987.084612342349,15081.075320909367,14918.917100638591,14987.084612342349,137860
2022-01-13,14927.7501290292,14949.660926328088,14857.85046324369,14927.7501290292,302630
2022-01-14,14954.529492200958,15055.964705230079,14904.597846843444,14954.529492200958,407481
2022-01-17,15178.890201356511,15214.289648806405,15156.714394652008,15178.890201356511,244587
2022-01-18,14966.447369516029,14969.114501360911,14952.42912004222,14966.447369516029,171695
2022-01-19,15149.034721820346,15271.373161617692,14979.499508474832,15149.034721820346,353078
2022-01-20,15157.811012660266,15246.085507729613,14997.085152019456,15157.811012660266,342599
2022-01-21,15015.077684457361,15070.227432417214,14969.517045509774,15015.077684457361,468893
2022-01-24,15092.161425199098,15153.303728072007,15057.624026004754,15092.161425199098,255976
2022-01-25,15129.628072430889,15144.800759215339,14921.78444044271,15129.628072430889,291007
2022-01-26,15045.304194707205,15131.712186364992,15007.711232129825,15045.304194707205,405934
2022-01-27,15063.05358184612,15139.56047429052,15023.41908354585,15063.05358184612,430724
2022-01-28,15011.727649632463,15016.357255169403,14907.520906571659,15011.727649632463,105636
2022-01-31,15036.051718959108,15068.290254343674,15007.105679589899,15036.051718959108,361578
2022-02-01,15143.557088721447,15196.037510381957,15114.558010947569,15143.557088721447,439273
2022-02-02,15392.846349001748,15406.426037751555,15381.97460173642,15392.846349001748,496108
2022-02-03,15208.135008744259,15236.044053387992,15046.125295394193,15208.135008744259,383816
2022-02-04,15542.335997255075,15606.649423641898,15482.637323873043,15542.335997255075,367956
2022-02-07,15243.938608221646,15250.504468544812,15227.521152693642,15243.938608221646,327693
2022-02-08,15227.876687754459,15309.508691087698,15189.17742690837,15227.876687754459,100654
2022-02-09,15325.424494625786,15549.279175911463,15024.568197036073,15325.424494625786,154633
2022-02-10,15376.125938162919,15409.68893080426,15215.898023027492,15376.125938162919,117143
2022-02-11,15286.943934959027,15356.03594114173,15155.117230010477,15286.943934959027,155934
2022-02-14,15262.156390249067,15442.473612103224,15240.22104527368,15262.156390249067,429478
2022-02-15,15193.58669790524,15270.293852922978,15171.758914805934,15193.58669790524,203463
2022-02-16,15110.568212147075,15157.347075620875,15107.129632711512,15110.568212147075,225851
2022-02-17,15247.158300338073,15404.013095982686,15214.816307677696,15247.158300338073,129087
2022-02-18,15309.283888870785,15310.87557274031,15265.665218532617,15309.283888870785,242690
2022-02-21,15209.655940875527,15265.019312175731,15184.597368387636,15209.655940875527,370590
2022-02-22,15354.806325732045,15368.848022886197,15238.326784357601,15354.806325732045,464271
2022-02-23,15409.676396242621,15515.608399762112,15351.845485836264,15409.676396242621,411011
2022-02-24,15543.263967913348,15593.465926663095,15510.918870427848,15543.263967913348,422245
2022-02-25,15649.304042500267,15711.838036002297,15560.880049121517,15649.304042500267,258272
2022-02-28,15525.998577318662,15563.473953511704,15491.06408235357,15525.998577318662,326179
2022-03-01,15445.73065981075,15519.354944378032,15348.642718796493,15445.73065981075,450218
2022-03-02,15569.423191590235,15578.97272190408,15527.748898994923,15569.423191590235,292537
2022-03-03,15672.619578211928,15799.934415294474,15644.530042238763,15672.619578211928,317508
2022-03-04,15676.781006813215,15702.105221875616,15619.485799513479,15676.781006813215,218422
2022-03-07,15702.784700281152,15722.597963842407,15643.277282136205,15702.784700281152,450036
2022-03-08,15912.477209008071,15935.694409837824,15857.936577657581,15912.477209008071,319631
2022-03-09,15825.176765480048,15948.86561980904,15678.90395769433,15825.176765480048,482188
2022-03-10,15919.976122221482,15990.271555048897,15906.001253120128,15919.976122221482,139148
2022-03-11,15895.113578612027,15901.299734047823,15841.971858279469,15895.113578612027,445072
2022-03-14,15867.80847844885,15882.127581964165,15860.027893772067,15867.80847844885,251770
2022-03-15,16051.094680801601,16307.359040288911,15947.09387747729,16051.094680801601,413804
2022-03-16,16192.273774018126,16216.461218433333,16134.076119929168,16192.273774018126,397594
2022-03-17,16332.75141416129,16394.14549584427,16271.911481274019,16332.75141416129,287535
2022-03-18,16555.43508780758,16590.72776534845,16539.31859556942,16555.43508780758,395901
2022-03-21,16566.823394479445,16661.953880691497,16561.506423508596,16566.823394479445,178012
2022-03-22,16688.583422566535,16698.035036044374,16680.927327611815,16688.583422566535,468894
2022-03-23,16644.34191301896,16764.03786520436,16623.350036006956,16644.34191301896,489187
2022-03-24,16706.649677386973,16783.4358563033,16696.940687858092,16706.649677386973,156116
2022-03-25,16692.690800185464,16748.45641333484,16674.77009629852,16692.690800185464,244233
2022-03-28,16716.958933047834,16873.53814301983,16585.052259248994,16716.958933047834,132152
2022-03-29,16825.198056704583,16916.058169786633,16742.296126027617,16825.198056704583,206379
2022-03-30,16694.454509688658,16731.79348487997,16621.904200657023,16694.454509688658,326905
2022-03-31,17054.478299567087,17163.713628280097,17015.63335476124,17054.478299567087,120836
2022-04-01,16889.67214996893,16895.402436600813,16814.577219713214,16889.67214996893,321439
2022-04-04,16691.02122349066,16762.189541042157,16611.296514028865,16691.02122349066,286720
2022-04-05,16893.797951746248,16934.742843126016,16819.799164199878,16893.797951746248,257403
2022-04-06,17036.641778057212,17108.737153794984,16911.194964258117,17036.641778057212,241835
2022-04-07,17151.92408110469,17207.114670436273,17100.12693188928,17151.92408110469,431588
2022-04-08,17268.716985173894,17357.647494497032,17248.896931355168,17268.716985173894,193109
2022-04-11,17274.808604670186,17303.72450360871,17133.199729080112,17274.808604670186,250259
2022-04-12,17126.810421224007,17161.376474757828,17093.201530077444,17126.810421224007,243029
2022-04-13,17148.05158144778,17229.944037734218,17062.60536884795,17148.05158144778,497595
2022-04-14,17039.179321454405,17075.268223649644,16999.43582935791,17039.179321454405,182018
2022-04-15,17214.75909449238,17392.28844254817,17159.630567596017,17214.75909449238,223076
2022-04-18,17197.440898638277,17289.23506963947,17181.060069106254,17197.440898638277,258177
2022-04-19,17062.54349804421,17064.609725709102,17034.897312344827,17062.54349804421,494093
2022-04-20,17015.398422081667,17135.5458991329,16917.756290765137,17015.398422081667,279425
2022-04-21,17094.318363851144,17101.125440335614,17087.035376552893,17094.318363851144,445932
2022-04-22,17005.33185622036,17043.795518808467,16751.005557159137,17005.33185622036,459014
2022-04-25,16872.503002465048,16962.129192432338,16856.735972516362,16872.503002465048,315657
2022-04-26,16921.978693549998,16958.21771141622,16784.024526097244,16921.978693549998,445452
2022-04-27,16971.817667920237,16987.69855963651,16869.478072703518,16971.817667920237,420057
2022-04-28,16893.181865755363,16976.442446193116,16827.517446785234,16893.181865755363,102637
2022-04-29,16821.023832257757,16920.889077615062,16781.774413710384,16821.023832257757,404169
2022-05-02,16868.375586324222,17086.78424691552,16740.09106477991,16868.375586324222,337989
2022-05-03,16630.208835800036,16678.40593939353,16551.30543625475,16630.208835800036,332259
2022-05-04,16402.213479499056,16428.932383176132,16258.9103585069,16402.213479499056,461652
2022-05-05,16291.251740479378,16307.085558436347,16215.318903260792,16291.251740479378,182464
2022-05-06,16263.961375249572,16292.680789976137,16244.724744977371,16263.961375249572,390886
2022-05-09,16322.671741690825,16350.296545024281,16229.989967262236,16322.671741690825,111831
2022-05-10,16573.16572052412,16597.644403145674,16481.49179194043,16573.16572052412,213768
2022-05-11,16724.322719398682,16738.409698062474,16655.375514778167,16724.322719398682,346983
2022-05-12,16705.326591736863,16815.381077480855,16654.493141301395,16705.326591736863,447236
2022-05-13,16710.07967672701,16794.176709046213,16665.8833784822,16710.07967672701,453023
2022-05-16,16549.189085211678,16643.509414423195,16461.763224164355,16549.189085211678,450514
2022-05-17,16553.981657628476,16662.999150957126,16452.747184336215,16553.981657628476,488681
2022-05-18,16513.702258950216,16523.451001454632,16492.329036469582,16513.702258950216,204824
2022-05-19,16575.280002252868,16751.131697628967,16546.065659489366,16575.280002252868,188741
2022-05-20,16444.97321097876,16494.951292452817,16398.076146271167,16444.97321097876,118830
2022-05-23,16538.885705617362,16646.13992844928,16388.331956102153,16538.885705617362,417188
2022-05-24,16802.263269909778,16804.184445925872,16779.57539574143,16802.263269909778,436092
2022-05-25,16791.84571911879,16875.746363676128,16631.29426650446,16791.84571911879,169202
2022-05-26,16867.8298966619,16910.402184198792,16862.041359589453,16867.8298966619,399189
2022-05-27,16993.194780948466,17064.618880184255,16876.934561065533,16993.194780948466,317394
2022-05-30,16932.56762006161,16978.855635630247,16764.319193878106,16932.56762006161,302123
2022-05-31,16978.875320580948,16999.159312190382,16901.5057504228,16978.875320580948,469653
2022-06-01,16989.115449162106,17020.275560571557,16980.132132316616,16989.115449162106,257699
2022-06-02,17013.93099160585,17047.257722172006,16906.427900569608,17013.93099160585,377342
2022-06-03,16889.47381747835,16967.368930778663,16818.00465976474,16889.47381747835,431665
2022-06-06,16901.688788454074,17038.20167435331,16855.760191847952,16901.688788454074,206471
2022-06-07,16994.572719852662,17021.961213118208,16977.594255122574,16994.572719852662,391619
2022-06-08,17251.23059043824,17356.218001977628,17228.457233920275,17251.23059043824,336824
2022-06-09,17426.23969459927,17558.793785459482,17315.378009253654,17426.23969459927,119403
2022-06-10,17812.722842261006,17901.636018956597,17747.4844482062,17812.722842261006,103681
2022-06-13,17683.439062060654,17721.60171955014,17657.91092557395,17683.439062060654,453699
2022-06-14,17847.33547182307,17883.363003634604,17699.65881561071,17847.33547182307,481028
2022-06-15,17888.81453912172,17890.978692698664,17802.94408849559,17888.81453912172,455266
2022-06-16,18292.159534067174,18374.812827105718,18280.936477119234,18292.159534067174,215260
2022-06-17,18151.84604026501,18181.284638982717,18143.37163545359,18151.84604026501,273364
2022-06-20,18006.859800926883,18113.013822022524,17905.10270084344,18006.859800926883,205386
2022-06-21,17906.649473712965,18012.986266194643,17690.724229345404,17906.649473712965,333378
2022-06-22,17531.851369477346,17572.579376476966,17398.925393506022,17531.851369477346,498845
2022-06-23,17447.296616944488,17464.845077861366,17394.769932272568,17447.296616944488,193246
2022-06-24,17322.109689189663,17346.64540711236,17315.870537125553,17322.109689189663,195864
2022-06-27,17356.61563245154,17379.084203021095,17338.199484829875,17356.61563245154,308886
2022-06-28,17424.666877162403,17475.781597410416,17341.732566861858,17424.666877162403,370561
2022-06-29,17762.465216883113,17804.64251529375,17755.583991807227,17762.465216883113,481032
2022-06-30,17941.076793298445,18019.236851915815,17917.9550027166,17941.076793298445,265837
2022-07-01,17845.29921919908,17965.39626988391,17734.501274058708,17845.29921919908,436643
2022-07-04,17692.20478506263,17703.384452072554,17662.643197021454,17692.20478506263,493052
2022-07-05,17788.34899722995,17960.800725810444,17774.539986502587,17788.34899722995,345160
2022-07-06,17560.115416795175,17647.945084370724,17392.60881224837,17560.115416795175,287646
2022-07-07,17892.626031255666,17953.259217766496,17815.65329505179,17892.626031255666,359278
2022-07-08,18113.847408947688,18160.391650802598,18076.387471348207,18113.847408947688,389819
2022-07-11,18036.815454210857,18053.010871509774,17866.576084657674,18036.815454210857,356681
2022-07-12,17733.966814907024,17765.057127631146,17684.617341700952,17733.966814907024,271635
2022-07-13,17984.404854479893,18028.393551470777,17864.31564840795,17984.404854479893,111332
2022-07-14,17972.206704376313,18029.2434315398,17928.530981080105,17972.206704376313,354817
2022-07-15,18204.986431669444,18305.99678449964,18064.143191047988,18204.986431669444,381321
2022-07-18,17921.09551051356,17957.817506977593,17824.080461588117,17921.09551051356,492704
2022-07-19,17821.36565493675,17842.8633593368,17779.385231491244,17821.36565493675,320326
2022-07-20,17830.793905893013,17890.75652115636,17822.445867975308,17830.793905893013,299519
2022-07-21,17847.72799545985,18017.27087544734,17729.41570574672,17847.72799545985,361849
2022-07-22,17775.26545073247,17787.05345098085,17660.867080181983,17775.26545073247,419248
2022-07-25,17895.31830869606,17982.515869237228,17770.308935508736,17895.31830869606,446479
2022-07-26,17711.27548228659,17809.314535860867,17659.594040085634,17711.27548228659,477082
2022-07-27,17694.292851432925,17704.94314927688,17602.425954029575,17694.292851432925,180730
2022-07-28,17724.172433669482,17916.71628204416,17589.52667452863,17724.172433669482,498167
2022-07-29,17824.513343731353,17900.03773869203,17572.104367481126,17824.513343731353,337474
2022-08-01,17960.845814412194,18008.92054945233,17920.32984094374,17960.845814412194,390477
2022-08-02,17765.806540951722,17773.848524846388,17716.795939391886,17765.806540951722,383817
2022-08-03,17499.5641318969,17528.611687323504,17394.54384457381,17499.5641318969,476565
2022-08-04,17733.252653107633,17750.143547866923,17692.185865842544,17733.252653107633,140870
2022-08-05,17801.093000189638,17864.238089069862,17764.473783709516,17801.093000189638,353017
2022-08-08,17675.27763926156,17713.76435180124,17573.300060030968,17675.27763926156,227536
2022-08-09,17960.032245231017,18006.109228633304,17792.129139147102,17960.032245231017,433245
2022-08-10,17989.52407655538,18012.86968258231,17954.577557358396,17989.52407655538,384965
2022-08-11,18211.917568261768,18279.193346144224,18194.577647330054,18211.917568261768,125494
2022-08-12,18232.983526474913,18289.083452468607,18192.03053875004,18232.983526474913,199477
2022-08-15,18620.372019183716,18707.463102349782,18572.908067758297,18620.372019183716,488227
2022-08-16,18958.673700611085,19061.61760353739,18955.408921096834,18958.673700611085,305232
2022-08-17,18920.128209214912,18970.830694699962,18684.73084644956,18920.128209214912,474842
2022-08-18,19114.413428305863,19191.641182457424,19051.50326684649,19114.413428305863,473704
2022-08-19,19247.850548783805,19283.19800536787,19204.205209174706,19247.850548783805,494051
2022-08-22,19522.530848708844,19701.96083638797,19426.646520777645,19522.530848708844,380790
2022-08-23,19341.960638496563,19363.571989671957,19336.25628603517,19341.960638496563,223777
2022-08-24,19484.9158943028,19518.947936266955,19441.379528834714,19484.9158943028,177360
2022-08-25,19702.05787347109,19703.97090446649,19668.313252572036,19702.05787347109,399479
2022-08-26,19362.192699046656,19391.54382593512,19345.68993713545,19362.192699046656,431495
2022-08-29,19140.496864188095,19217.053291516368,19048.360965953685,19140.496864188095,477078
2022-08-30,18756.20664040662,18907.78591924121,18736.83042112553,18756.20664040662,233501
2022-08-31,18714.208207977066,18812.802368862016,18657.10964572923,18714.208207977066,404094
2022-09-01,18858.463624511205,18959.149237284946,18843.66228013893,18858.463624511205,160654
2022-09-02,19153.005033639813,19244.011264102694,19096.835851848085,19153.005033639813,469566
2022-09-05,19176.429075795124,19340.446355872245,19154.93072592256,19176.429075795124,472078
2022-09-06,19500.339908288126,19510.523884611302,19430.6642391921,19500.339908288126,219975
2022-09-07,19238.373809687684,19254.61308677731,19041.18612666177,19238.373809687684,299215
2022-09-08,18917.241280477698,18923.867248836854,18807.608861734123,18917.241280477698,453330
2022-09-09,18915.65832916981,19025.546794130874,18883.855930427537,18915.65832916981,466378
2022-09-12,18997.88859904244,19085.977356719068,18957.47154728388,18997.88859904244,202326
2022-09-13,19000.67479879706,19023.320656412376,18886.932301546844,19000.67479879706,177527
2022-09-14,18613.78938148134,18704.549997911792,18486.129154979513,18613.78938148134,448848
2022-09-15,18605.933336910395,18652.54996051747,18539.934276922206,18605.933336910395,266991
2022-09-16,18370.165903591576,18387.579132337527,18343.66246651907,18370.165903591576,196952
2022-09-19,18502.906064793853,18595.517373880346,18430.39747589727,18502.906064793853,422926
2022-09-20,18580.08452593911,18831.21594842498,18418.908184808155,18580.08452593911,433260
2022-09-21,18412.921227077928,18475.32955137944,18334.04284171197,18412.921227077928,451770
2022-09-22,18326.323394790652,18386.257407258963,18275.4177450816,18326.323394790652,246895
2022-09-23,18139.400791010015,18305.43371009645,18120.86331820235,18139.400791010015,146015
2022-09-26,18136.57910848426,18182.936440418,18027.56470858473,18136.57910848426,202877
2022-09-27,18319.815146834695,18445.640999945972,18283.57115935198,18319.815146834695,377483
2022-09-28,18146.52812148013,18158.999188159865,18117.72474881747,18146.52812148013,234563
2022-09-29,18247.359338118815,18334.29655945361,18216.990221077816,18247.359338118815,493922
2022-09-30,18158.525646427508,18304.90862691183,18150.04680806564,18158.525646427508,197493
2022-10-03,18022.06039458219,18140.547733063195,17974.362118085508,18022.06039458219,246800
2022-10-04,18011.200766803853,18158.88941874858,17874.81362283376,18011.200766803853,291480
2022-10-05,17831.843944301727,17898.01145233958,17803.170944510985,17831.843944301727,491670
2022-10-06,17740.82896454749,17747.520240977123,17585.159127205883,17740.82896454749,221648
2022-10-07,17535.083535704183,17675.536557368978,17533.470165039278,17535.083535704183,387307
2022-10-10,17890.67325933706,17912.684377219623,17870.52262574342,17890.67325933706,248790
2022-10-11,17905.55138781822,17981.045364043403,17843.53347337194,17905.55138781822,187508
2022-10-12,17787.797682546523,17980.879131742768,17674.90471222223,17787.797682546523,314839
2022-10-13,17834.63126853497,17850.315561585456,17682.812662749882,17834.63126853497,401763
2022-10-14,17822.93228819715,17833.91164284165,17804.901826004167,17822.93228819715,374270
2022-10-17,17791.72480172822,17840.78418194167,17646.557057406248,17791.72480172822,164926
2022-10-18,17910.331715350294,17914.23638674095,17844.687394809636,17910.331715350294,140633
2022-10-19,18055.605112131838,18208.63097328647,17891.4740714163,18055.605112131838,308726
2022-10-20,17967.660620020633,18023.59838210522,17898.021965797827,17967.660620020633,103317
2022-10-21,17871.93769484298,17889.32775641774,17822.518205057462,17871.93769484298,407124
2022-10-24,17830.9024739511,17897.097076967893,17810.03813784065,17830.9024739511,406259
2022-10-25,17425.695321226514,17540.706871714974,17404.04140134066,17425.695321226514,292718
2022-10-26,17167.873446809943,17220.3873184666,17064.8205689021,17167.873446809943,405302
2022-10-27,17412.56694333182,17415.791471871682,17400.34681518239,17412.56694333182,287035
2022-10-28,17709.554058926482,17747.56781369001,17535.374422659715,17709.554058926482,280388
2022-10-31,17673.535360753696,17734.72299411534,17574.812188576027,17673.535360753696,467508
2022-11-01,17784.654859025548,17909.709212593665,17768.12884622673,17784.654859025548,377648
2022-11-02,17848.916101916035,17856.33282388329,17821.250372705028,17848.916101916035,299665
2022-11-03,18411.30674964975,18549.82609154341,18406.097409511574,18411.30674964975,399340
2022-11-04,18627.8319084624,18698.62288212557,18514.29799359439,18627.8319084624,428082
2022-11-07,18612.685661953834,18620.35778799093,18431.10943350482,18612.685661953834,419532
2022-11-08,18442.291142544123,18576.694088086046,18429.050689896198,18442.291142544123,312369
2022-11-09,18152.465622247164,18180.530157953337,17987.461595293164,18152.465622247164,155501
2022-11-10,18198.335290337447,18266.77526263601,18129.207794950384,18198.335290337447,284381
2022-11-11,18068.26981386472,18097.10446972453,18059.736286170675,18068.26981386472,127043
2022-11-14,17817.86564669971,17937.285476466204,17780.482876172002,17817.86564669971,133635
2022-11-15,17710.23412731328,17876.282844645873,17633.736279860073,17710.23412731328,310387
2022-11-16,17525.608677710527,17535.68818796487,17413.49166916509,17525.608677710527,180691
2022-11-17,17831.973488684172,17846.25090751024,17739.09345572414,17831.973488684172,395276
2022-11-18,17998.921488279022,18059.33847491886,17946.405647804804,17998.921488279022,377510
2022-11-21,18006.046069855664,18025.240211405595,17994.385602286344,18006.046069855664,193944
2022-11-22,18283.20639045358,18351.94844291094,18230.198138333286,18283.20639045358,303179
2022-11-23,18306.16990972121,18335.373187504603,18241.467432433732,18306.16990972121,477411
2022-11-24,18155.972576258962,18228.235694389547,18078.305350845745,18155.972576258962,139236
2022-11-25,18443.342372341773,18542.568212603062,18291.23266798851,18443.342372341773,366294
2022-11-28,18552.30366859962,18554.28056948882,18452.992207501902,18552.30366859962,473513
2022-11-29,18367.183808972197,18541.781402877856,18300.180095620035,18367.183808972197,381567
2022-11-30,18340.693865323556,18346.256672402535,18307.55064345489,18340.693865323556,104137
2022-12-01,18187.563524581874,18251.98448995401,18069.96805471494,18187.563524581874,129992
2022-12-02,17942.738535533772,18078.539443354402,17891.38728706528,17942.738535533772,472684
2022-12-05,18118.77802157481,18282.131459254688,18077.956105507707,18118.77802157481,215140
2022-12-06,18476.103901342158,18622.44720272626,18303.36929651404,18476.103901342158,275993
2022-12-07,18224.45852214394,18248.79971500153,18118.59411476855,18224.45852214394,221225
2022-12-08,18336.54599551508,18383.187294452706,18310.58704849877,18336.54599551508,429061
2022-12-09,18225.02916996844,18369.11540330753,18197.613281629885,18225.02916996844,435834
2022-12-12,18144.227192833332,18225.42608541777,18034.50207132968,18144.227192833332,396379
2022-12-13,18044.532302145344,18088.115355900394,18009.43760591213,18044.532302145344,310047
2022-12-14,17895.989388351703,17909.12441927559,17873.487543166455,17895.989388351703,119122
2022-12-15,17913.26335819568,18057.664021722958,17895.863387578185,17913.26335819568,386100
2022-12-16,17771.766500488233,17851.458595038333,17704.607750168892,17771.766500488233,163879
2022-12-19,17828.67416803895,17852.611895167174,17735.188879766043,17828.67416803895,158560
2022-12-20,17828.13641828228,17907.57790113036,17680.572299082614,17828.13641828228,472454
2022-12-21,17793.689259283226,17985.132932256194,17750.66754537661,17793.689259283226,299757
2022-12-22,17639.396773582153,17702.823927277932,17585.40549786538,17639.396773582153,337268
2022-12-23,17545.2532296016,17563.77489712489,17502.161415211725,17545.2532296016,363312
2022-12-26,17687.191141750096,17774.493306689823,17655.52847138036,17687.191141750096,407268
2022-12-27,17784.912185931553,17796.584154099193,17772.516351067752,17784.912185931553,266969
2022-12-28,17618.149462151614,17624.91940195369,17552.99286326543,17618.149462151614,246104
2022-12-29,17644.177917305657,17664.014912049617,17475.73282472831,17644.177917305657,414941
2022-12-30,17786.20403625482,17844.00942888791,17668.966065598328,17786.20403625482,397438
2023-01-02,17495.402567256668,17510.1559741612,17489.044692096963,17495.402567256668,365660
2023-01-03,17599.548262663226,17638.438041619873,17563.33779537584,17599.548262663226,250823
2023-01-04,17490.388309675207,17585.74582606014,17482.584609636117,17490.388309675207,130373
2023-01-05,17599.305933313375,17723.463086325235,17595.999846937844,17599.305933313375,222026
2023-01-06,17472.296340732308,17480.90914604706,17321.05602973605,17472.296340732308,130270
2023-01-09,17162.769174066987,17164.386732705087,17034.482775430643,17162.769174066987,332931
2023-01-10,16889.402382127228,16949.208973963257,16885.912555966657,16889.402382127228,295889
2023-01-11,16905.630415500877,16925.343744111244,16868.184264047763,16905.630415500877,165184
2023-01-12,16957.935543997275,17038.75169200989,16877.253945615776,16957.935543997275,310765
2023-01-13,16811.44502205288,16835.579882641847,16725.608939483584,16811.44502205288,137879
2023-01-16,16927.65577432629,16979.491419632515,16887.581927697865,16927.65577432629,411741
2023-01-17,16652.236760702996,16682.3359721608,16629.952646640297,16652.236760702996,103626
2023-01-18,16649.0756450995,16744.285565814323,16578.585891646304,16649.0756450995,185936
2023-01-19,16453.786890650357,16462.717981969152,16278.7821574383,16453.786890650357,334873
2023-01-20,16353.522450301138,16356.239587291277,16345.419745982676,16353.522450301138,181515
2023-01-23,16369.122470765255,16386.15592238988,16319.78424505308,16369.122470765255,308137
2023-01-24,16234.961779722078,16245.395787649435,16199.8729173104,16234.961779722078,155390
2023-01-25,16179.766723475483,16332.006116300216,16141.740696968767,16179.766723475483,323032
2023-01-26,16351.574305064325,16396.436885574156,16293.720318067475,16351.574305064325,154144
2023-01-27,16264.284155874153,16271.83443514707,16206.369165397424,16264.284155874153,244454
2023-01-30,16409.02287077025,16422.13830673187,16399.943317951955,16409.02287077025,104025
2023-01-31,16229.997406249655,16313.393230608131,16157.234901131356,16229.997406249655,441524
2023-02-01,16324.392932100658,16427.70249275824,16255.668568665746,16324.392932100658,354043
2023-02-02,16569.354102583446,16641.113891457535,16538.76647837626,16569.354102583446,218910
2023-02-03,16164.47125642547,16242.825071686715,15929.521618855508,16164.47125642547,196055
2023-02-06,16042.336411594368,16076.602389925776,16012.271303960304,16042.336411594368,488333
2023-02-07,16143.283307694594,16195.444460414483,16059.455772057894,16143.283307694594,305782
2023-02-08,16117.933273374134,16261.004985907006,15986.469299653792,16117.933273374134,496659
2023-02-09,16185.902424900896,16282.502871348788,16085.758090779678,16185.902424900896,383539
2023-02-10,16095.076722570206,16169.046007290823,16086.272033828953,16095.076722570206,372869
2023-02-13,16116.787910745199,16197.4187757809,16009.720798553031,16116.787910745199,133461
2023-02-14,16099.174057451419,16153.156214813267,16073.964000667202,16099.174057451419,358072
2023-02-15,16296.329812489972,16409.79018140145,16246.91091625619,16296.329812489972,141115
2023-02-16,16345.878991374066,16366.315141723313,16308.618217344465,16345.878991374066,210084
2023-02-17,16409.283110801265,16432.969388276953,16371.616396432219,16409.283110801265,445876
2023-02-20,16348.976712252317,16370.256690651122,16292.196685953468,16348.976712252317,441701
2023-02-21,16276.413114647443,16287.343437452859,16182.468696286009,16276.413114647443,433404
2023-02-22,16213.202260357619,16278.931252993174,16071.188486510688,16213.202260357619,259762
2023-02-23,16285.381724264931,16349.993057805388,16253.631442241627,16285.381724264931,363551
2023-02-24,16224.035761983947,16365.87698830789,16211.214434620095,16224.035761983947,173568
2023-02-27,16279.146321158094,16385.314049490036,16271.281566846796,16279.146321158094,158560
2023-02-28,16627.42668045695,16765.6414986465,16592.84438247725,16627.42668045695,248866
2023-03-01,16781.33516653758,16867.97268618755,16701.980758402657,16781.33516653758,250953
2023-03-02,16734.182671309016,16828.45511919089,16683.290156905096,16734.182671309016,317364
2023-03-03,16944.75372465799,17037.184512067317,16833.161344626085,16944.75372465799,336770
2023-03-06,16883.128660025475,16917.807812420047,16817.619764459523,16883.128660025475,326024
2023-03-07,16544.34886356561,16635.81468244313,16461.443723574976,16544.34886356561,280775
2023-03-08,16384.127358911606,16401.7338265734,16322.487385120981,16384.127358911606,191288
2023-03-09,16082.99332853067,16107.76389521826,15965.041846355374,16082.99332853067,481164
2023-03-10,16033.671091417591,16096.17519410442,15993.474505879116,16033.671091417591,461445
2023-03-13,16044.28266059134,16149.39748006828,15966.041716760255,16044.28266059134,349836
2023-03-14,16323.02143285442,16436.930316639482,16280.938391159158,16323.02143285442,114390
2023-03-15,16384.58058522192,16430.635021891456,16304.425405517488,16384.58058522192,318547
2023-03-16,16356.200275120345,16373.310649464853,16313.498934853062,16356.200275120345,127307
2023-03-17,16500.720601601042,16639.610317900555,16409.66386421606,16500.720601601042,327436
2023-03-20,16140.840567765717,16205.877669073965,16114.144487108686,16140.840567765717,325121
2023-03-21,16186.857490935296,16264.94707035952,16123.712630347414,16186.857490935296,351063
2023-03-22,16320.330778117848,16452.16500851661,16211.753665322949,16320.330778117848,124502
2023-03-23,16084.88457811989,16184.156373786496,15988.633541909032,16084.88457811989,122486
2023-03-24,16277.969907603921,16326.190484513032,16205.231987132065,16277.969907603921,473957
2023-03-27,16341.257247810994,16343.414764147437,16268.297303301615,16341.257247810994,269330
2023-03-28,16280.639055694845,16303.445069215679,16131.702125129108,16280.639055694845,288788
2023-03-29,16392.227079979995,16458.58310369653,16358.648701689965,16392.227079979995,328300
2023-03-30,16775.192505630133,16810.76103390525,16715.445798865218,16775.192505630133,203920
2023-03-31,16813.93028391578,16853.76579265291,16622.11260935712,16813.93028391578,312566
2023-04-03,16864.00248482831,16865.22110048832,16811.922930955592,16864.00248482831,444912
2023-04-04,16793.953934704805,16839.825297185947,16665.056958679925,16793.953934704805,162785
2023-04-05,16658.100325259278,16658.63523933341,16501.51334647263,16658.100325259278,176050
2023-04-06,16805.44436865303,16842.112662685577,16745.557156893534,16805.44436865303,122738
2023-04-07,16668.440950492914,16677.57607321458,16511.49506027325,16668.440950492914,174231
2023-04-10,16688.40158099083,16695.774763731348,16657.33453163242,16688.40158099083,173606
2023-04-11,16616.004890784287,16646.745416195117,16579.67290051107,16616.004890784287,403806
2023-04-12,16704.13374383388,16725.74856404973,16688.667759167416,16704.13374383388,480457
2023-04-13,16768.264060177156,16902.296749647547,16732.594201048723,16768.264060177156,327369
2023-04-14,16951.60172252232,16999.144137921903,16932.760877009852,16951.60172252232,377267
2023-04-17,16872.534508295295,16897.46201760764,16764.645970462247,16872.534508295295,256688
2023-04-18,16834.67434291762,16893.339345076623,16754.5146622118,16834.67434291762,373326
2023-04-19,16676.61660714339,16704.45150537666,16620.166665298526,16676.61660714339,452513
2023-04-20,16609.879044361893,16707.306336033267,16545.71014471973,16609.879044361893,262403
2023-04-21,16680.95308215556,16711.78300248177,16611.71112884121,16680.95308215556,277170
2023-04-24,16816.167529530183,16825.18958367945,16740.461262001165,16816.167529530183,126128
2023-04-25,16667.876471007046,16705.18892307397,16630.271631592088,16667.876471007046,131556
2023-04-26,16821.90422243565,16954.02986331267,16722.361136874242,16821.90422243565,358470
2023-04-27,17059.761503458125,17155.873424905407,16959.276022264286,17059.761503458125,252948
2023-04-28,17138.9737739299,17241.287020793465,16996.10122231421,17138.9737739299,240021
2023-05-01,17471.341566486924,17483.828604652863,17338.276455250925,17471.341566486924,151962
2023-05-02,17343.40117598064,17493.63968937801,17279.610238920097,17343.40117598064,190054
2023-05-03,17134.08800712718,17325.24447250308,16981.440510557746,17134.08800712718,302278
2023-05-04,16835.070337122164,16888.778512979334,16695.623496005344,16835.070337122164,124099
2023-05-05,17096.938169408317,17139.752704511393,17052.105882614596,17096.938169408317,335943
2023-05-08,17217.84047311175,17372.89209685928,17154.538784685006,17217.84047311175,283683
2023-05-09,17216.393307655304,17263.107735525205,17154.286948649566,17216.393307655304,269957
2023-05-10,17273.17312757688,17341.210753245894,17182.476813559533,17273.17312757688,415288
2023-05-11,17085.453932987504,17138.49124818413,17020.743190595167,17085.453932987504,296292
2023-05-12,17514.76104561612,17529.486039635172,17394.737980283706,17514.76104561612,107837
2023-05-15,17545.913107313063,17587.32940858834,17484.923258928935,17545.913107313063,280427
2023-05-16,17573.614355717575,17747.53161352702,17548.68170040324,17573.614355717575,278371
2023-05-17,17710.534435242196,17776.763886969395,17623.055611133794,17710.534435242196,487356
2023-05-18,17804.83077241778,17900.33081259572,17729.440581711176,17804.83077241778,478824
2023-05-19,17853.48655579635,17874.843509155977,17741.936284168434,17853.48655579635,348003
2023-05-22,17719.745317630124,17903.506401008523,17650.69598831637,17719.745317630124,468946
2023-05-23,17812.386712916086,17894.268882332257,17808.91155907356,17812.386712916086,202413
2023-05-24,18158.7523914569,18388.486714480616,18120.808811638955,18158.7523914569,151012
2023-05-25,18413.64225743071,18439.974154559786,18227.129750141914,18413.64225743071,230193
2023-05-26,18718.093461038432,18821.132787762104,18617.87188275886,18718.093461038432,318168
2023-05-29,18630.56055767471,18812.986111868835,18452.506512404452,18630.56055767471,248178
2023-05-30,18453.605843317488,18567.053961221667,18335.460731281688,18453.605843317488,158123
2023-05-31,18438.997553548743,18484.79073235928,18421.52846374903,18438.997553548743,211825
2023-06-01,18458.13437125912,18501.07818593711,18365.15669011536,18458.13437125912,108720
2023-06-02,18670.487904427708,18680.378441765355,18553.337811958063,18670.487904427708,268733
2023-06-05,18360.8892143407,18603.651690536994,18343.93197151978,18360.8892143407,346103
2023-06-06,18652.691640560533,18792.86385096287,18565.218394030147,18652.691640560533,324970
2023-06-07,18631.868158982747,18655.506378581103,18630.703730393485,18631.868158982747,324866
2023-06-08,18560.575806785127,18603.97907962947,18294.379744989543,18560.575806785127,250862
2023-06-09,18380.07675408573,18479.860934040338,18226.73184183577,18380.07675408573,158655
2023-06-12,18082.260749794325,18091.119534445064,17986.53972309129,18082.260749794325,290715
2023-06-13,18240.895882726913,18268.991471815476,18225.135590225895,18240.895882726913,193448
2023-06-14,18263.06160149331,18298.825111058115,18192.57347479723,18263.06160149331,278446
2023-06-15,18034.30957204034,18058.57716490329,17994.516223089842,18034.30957204034,273979
2023-06-16,17807.492482444388,17838.049451774154,17742.214115101917,17807.492482444388,281143
2023-06-19,17755.704711886887,17810.886946554354,17735.37475026391,17755.704711886887,220507
2023-06-20,18062.849039777644,18096.230118295134,17895.05407254069,18062.849039777644,396956
2023-06-21,18024.190128051243,18058.174774036524,17969.82488982839,18024.190128051243,411714
2023-06-22,17759.701964692846,17762.30045894131,17733.225937221636,17759.701964692846,413045
2023-06-23,17724.170718662495,17823.96225307489,17667.572109361296,17724.170718662495,160186
2023-06-26,17683.890684411886,17688.434889360902,17590.332440451817,17683.890684411886,222066
2023-06-27,17211.62696526171,17364.210832462082,17179.990287488115,17211.62696526171,490508
2023-06-28,17210.404073312326,17318.99496799277,17197.660679543773,17210.404073312326,281323
2023-06-29,17178.540545268497,17256.336340536138,17102.863204546058,17178.540545268497,296243
2023-06-30,17307.264349509594,17363.838883738626,17245.631384351174,17307.264349509594,136160
2023-07-03,17638.03933605497,17690.570822731494,17533.38097649424,17638.03933605497,119156
2023-07-04,17846.71319238228,17969.359204629807,17718.543862213788,17846.71319238228,176208
2023-07-05,17806.844477776827,17996.992570694412,17785.644500237104,17806.844477776827,249001
2023-07-06,17616.72894812156,17893.11327524583,17612.67685847541,17616.72894812156,331226
2023-07-07,18082.043473649366,18177.521799310245,18000.25709137174,18082.043473649366,341766
2023-07-10,18101.44652229617,18121.651258625192,17995.303545704843,18101.44652229617,295413
2023-07-11,18112.6075944142,18117.57896187645,18052.345425342945,18112.6075944142,457521
2023-07-12,18116.82841980848,18142.695090702346,17940.98490369871,18116.82841980848,405007
2023-07-13,18161.62585074977,18208.948003583067,18081.86697523068,18161.62585074977,312909
2023-07-14,18143.848784415146,18202.382254539276,18109.556193619643,18143.848784415146,165439
2023-07-17,18047.581531220832,18097.718115717373,18026.696335436587,18047.581531220832,238266
2023-07-18,17956.70059608948,17964.743463451952,17898.656500752248,17956.70059608948,302459
2023-07-19,17959.32350517216,17977.043827823654,17939.957280810588,17959.32350517216,221361
2023-07-20,17869.508634084617,17883.02453032638,17791.511705369205,17869.508634084617,312986
2023-07-21,17749.628896919072,17766.926645145057,17671.405614192354,17749.628896919072,297286
2023-07-24,17777.121409663865,17877.897252977127,17713.02285519999,17777.121409663865,458320
2023-07-25,17739.90076946545,17792.54895623701,17658.62771135729,17739.90076946545,129777
2023-07-26,18017.26438300479,18282.153180102432,17895.157526486997,18017.26438300479,356427
2023-07-27,17544.43598593618,17601.97303187094,17441.783604214554,17544.43598593618,257255
2023-07-28,17745.803047619025,17763.081798407635,17733.887051668302,17745.803047619025,298110
2023-07-31,17977.129327331582,17978.810976002493,17969.974622001017,17977.129327331582,449345
2023-08-01,17610.00724572452,17644.21630959448,17561.222438905013,17610.00724572452,281649
2023-08-02,17557.568592053864,17656.252022985635,17481.921538243827,17557.568592053864,378011
2023-08-03,17500.197804771564,17583.10730733359,17497.57002064286,17500.197804771564,162501
2023-08-04,17260.266698720552,17326.967072081155,17074.513128631093,17260.266698720552,245338
2023-08-07,17133.171331725156,17168.04181460653,17058.08900802986,17133.171331725156,401566
2023-08-08,16949.548934040424,17031.89465088641,16817.21590512067,16949.548934040424,266280
2023-08-09,17256.96996201334,17376.010108157392,17127.247607915866,17256.96996201334,221544
2023-08-10,17427.933766493803,17482.545697896177,17399.167210830623,17427.933766493803,238439
2023-08-11,17659.59041394058,17735.73799143026,17640.900652915283,17659.59041394058,355230
2023-08-14,17796.4515540933,17881.26277256844,17740.594373850825,17796.4515540933,135362
2023-08-15,17602.406490080593,17647.564180724024,17577.055603361987,17602.406490080593,350449
2023-08-16,17517.730520547924,17581.240683525866,17393.483271351655,17517.730520547924,413732
2023-08-17,17612.47731070369,17657.933202554137,17393.394943120707,17612.47731070369,269357
2023-08-18,17403.915637954764,17459.73709578757,17292.794648694427,17403.915637954764,226683
2023-08-21,17537.273823194933,17575.147542876723,17507.633771461184,17537.273823194933,356157
2023-08-22,17503.145203545446,17573.193624257252,17397.51182771411,17503.145203545446,305827
2023-08-23,17445.355976324026,17511.15038011629,17351.55993891154,17445.355976324026,302918
2023-08-24,17578.67327158823,17683.170870115107,17431.329445087922,17578.67327158823,398451
2023-08-25,17665.757030473113,17728.32064881513,17582.241556414567,17665.757030473113,442424
2023-08-28,17609.897791900814,17640.842626970585,17508.34586885166,17609.897791900814,418667
2023-08-29,17824.054163769662,17919.42624282528,17722.696383747905,17824.054163769662,499594
2023-08-30,17638.329236172907,17640.66818968487,17608.471700693986,17638.329236172907,315757
2023-08-31,17756.22802433147,17834.521861311856,17672.957922297308,17756.22802433147,207669
2023-09-01,17870.828304929124,17885.39901350335,17851.471966219047,17870.828304929124,308030
2023-09-04,17823.582403174965,17889.96657153522,17732.169465764266,17823.582403174965,258998
2023-09-05,17890.65793301046,17951.054850817294,17792.185837587876,17890.65793301046,203215
2023-09-06,17673.57538960635,17686.34619771683,17579.78429078623,17673.57538960635,198707
2023-09-07,17846.590987005733,17917.30095810594,17799.118501841098,17846.590987005733,192837
2023-09-08,17821.82977207954,17849.271961867424,17789.60246273587,17821.82977207954,480214
2023-09-11,17736.42110607261,17904.350841801246,17580.235234924297,17736.42110607261,345847
2023-09-12,17932.394541412385,17951.518875981445,17932.36641690723,17932.394541412385,327544
2023-09-13,17813.62960790601,17813.73697736403,17708.362268338937,17813.62960790601,442016
2023-09-14,17569.230795281976,17641.008888979166,17529.74624072693,17569.230795281976,449880
2023-09-15,17301.94733122074,17358.978500388504,17121.483950313042,17301.94733122074,367614
2023-09-18,17415.866755053157,17497.50973800526,17327.502174444406,17415.866755053157,327467
2023-09-19,17199.399298569166,17337.644618587343,17168.31458628949,17199.399298569166,246025
2023-09-20,17511.789465950682,17578.572844664257,17475.32588923487,17511.789465950682,335652
2023-09-21,17152.663193926517,17218.627392296952,17148.04013532894,17152.663193926517,455113
2023-09-22,17454.11890768656,17536.144810128844,17368.3926902098,17454.11890768656,191493
2023-09-25,17499.552793097733,17572.12998703239,17401.39273919045,17499.552793097733,368667
2023-09-26,17490.827759900316,17507.778657943523,17287.930596576523,17490.827759900316,317995
2023-09-27,17403.0924093458,17426.10929048066,17386.025939816936,17403.0924093458,288262
2023-09-28,17481.390738503622,17656.542243395503,17402.368883367795,17481.390738503622,393313
2023-09-29,17483.084131636726,17538.62946604126,17347.681095756256,17483.084131636726,145641
2023-10-02,17685.8254613736,17795.4119997382,17663.012870488077,17685.8254613736,254062
2023-10-03,17714.609088493675,17719.91750407774,17616.835310401213,17714.609088493675,129661
2023-10-04,17749.880466631763,17774.49750409655,17707.709613122304,17749.880466631763,244491
2023-10-05,17693.281846270624,17813.654426434245,17693.06918709617,17693.281846270624,376601
2023-10-06,17691.55201902055,17807.327339893407,17639.42636861573,17691.55201902055,429744
2023-10-09,17754.86195795628,18022.91706549113,17657.90588528423,17754.86195795628,203619
2023-10-10,17457.27827871837,17473.325842039278,17384.415847732456,17457.27827871837,438246
2023-10-11,17228.37423303139,17383.47363526052,17149.660235747615,17228.37423303139,133085
2023-10-12,17365.642827473777,17473.218326711514,17231.429870556483,17365.642827473777,197064
2023-10-13,17403.818626881868,17422.06299906616,17265.47228077085,17403.818626881868,281726
2023-10-16,17379.8329059328,17422.555679716777,17329.946596456586,17379.8329059328,499346
2023-10-17,17391.338130376855,17461.52284033079,17269.63401178088,17391.338130376855,205723
2023-10-18,17460.546695632234,17545.539940033712,17343.375274512593,17460.546695632234,233114
2023-10-19,17373.871219367436,17415.25211206314,17255.22295444499,17373.871219367436,432278
2023-10-20,17245.853868122034,17289.440190620455,17233.008353386627,17245.853868122034,405126
2023-10-23,17288.108367666315,17379.753486532885,17244.64740937762,17288.108367666315,427329
2023-10-24,17125.861541317474,17362.169319954963,16972.040407659002,17125.861541317474,133477
2023-10-25,17204.486225752888,17238.242801263354,17143.747601017752,17204.486225752888,214161
2023-10-26,16917.442461390125,16960.49427565436,16896.914728705502,16917.442461390125,414853
2023-10-27,17100.981559013704,17103.168288219604,17013.221954548535,17100.981559013704,259788
2023-10-30,17190.582585683806,17342.639812900507,17084.86045355497,17190.582585683806,440281
2023-10-31,17243.129514603646,17303.024657077967,17159.956811605345,17243.129514603646,398162
2023-11-01,17422.12672803272,17457.779580554543,17280.26980036342,17422.12672803272,239133
2023-11-02,17722.877846273965,17769.319619560185,17697.677274242305,17722.877846273965,239681
2023-11-03,17912.514052294497,17926.159346225697,17770.05743365902,17912.514052294497,397515
2023-11-06,17588.6902304448,17661.01667759487,17528.982669701756,17588.6902304448,341422
2023-11-07,17370.22580360774,17467.588582728717,17358.327590679284,17370.22580360774,445165
2023-11-08,17269.106964925584,17269.12484405669,17224.259407414287,17269.106964925584,370001
2023-11-09,17281.87165923165,17282.675294013185,17252.41402831207,17281.87165923165,242692
2023-11-10,17380.2695033873,17408.763996095957,17343.048205655894,17380.2695033873,108177
2023-11-13,17261.412451698365,17274.80650371212,17254.753301175657,17261.412451698365,351842
2023-11-14,17302.125607865415,17373.50537693597,17250.754610016473,17302.125607865415,450722
2023-11-15,17178.634215176455,17253.114779139578,17164.407608114503,17178.634215176455,189941
2023-11-16,17080.93365972758,17137.13988017892,17074.222814568526,17080.93365972758,358121
2023-11-17,16846.897185034722,16872.48139093082,16667.5843629203,16846.897185034722,111826
2023-11-20,16698.15380731542,16810.521605740167,16659.900999063673,16698.15380731542,244962
2023-11-21,16478.61466681274,16546.11583972828,16397.89242409771,16478.61466681274,444572
2023-11-22,16324.379984997568,16363.25003748022,16230.242803002862,16324.379984997568,226044
2023-11-23,16505.51369866672,16577.67491166782,16366.261272488702,16505.51369866672,289103
2023-11-24,16355.431523979232,16376.903043165912,16208.73209442794,16355.431523979232,437164
2023-11-27,16797.160781804443,16813.419586139324,16683.32243359908,16797.160781804443,105495
2023-11-28,16888.67788761389,16960.530595605298,16828.805754768946,16888.67788761389,128481
2023-11-29,16928.183266353386,16939.810540401646,16762.85762311974,16928.183266353386,242339
2023-11-30,16789.79125880854,16822.57037542958,16745.644208880887,16789.79125880854,480041
2023-12-01,16916.296469532892,16925.027118406448,16901.262102057288,16916.296469532892,336774
2023-12-04,16826.205460043697,16848.53066710549,16792.512549582305,16826.205460043697,237815
2023-12-05,16854.909852956072,16904.021576156436,16843.864393463427,16854.909852956072,203475
2023-12-06,17297.84706139998,17508.7784924729,17291.149035702263,17297.84706139998,279845
2023-12-07,17289.33648073636,17300.944468823312,17186.007300375397,17289.33648073636,419186
2023-12-08,17497.84201970043,17622.31713029693,17370.901514591325,17497.84201970043,149476
2023-12-11,17382.16095654472,17462.659082555692,17225.096041845514,17382.16095654472,323177
2023-12-12,17384.308342444794,17468.22218017056,17238.04905457617,17384.308342444794,390696
2023-12-13,17702.86159420226,17812.276849604645,17612.220412137423,17702.86159420226,296314
2023-12-14,17599.42300407656,17607.224616305823,17574.80050119452,17599.42300407656,260020
2023-12-15,17929.305794280022,17946.99446256047,17842.838328904596,17929.305794280022,307383
2023-12-18,18065.74170592608,18121.533403961545,18020.038490921932,18065.74170592608,169093
2023-12-19,17971.92736155068,18000.32955359806,17906.485085945238,17971.92736155068,169123
2023-12-20,18095.039760965064,18150.751778158883,17899.15588280667,18095.039760965064,116535
2023-12-21,18281.031761341354,18391.073009505693,18172.209478008277,18281.031761341354,428634
2023-12-22,18404.308908210784,18417.14096987945,18384.74751758269,18404.308908210784,146562
2023-12-25,18121.799323194187,18162.590520769656,18028.7451283364,18121.799323194187,481186
2023-12-26,17997.6167326606,17997.66424266636,17898.098872750255,17997.6167326606,356323
2023-12-27,17961.28741169683,18015.27964775367,17910.64129710624,17961.28741169683,451224
2023-12-28,17956.365516534366,18085.99744069088,17883.084040614896,17956.365516534366,358916
2023-12-29,18077.247359843725,18284.790515207842,18070.184302449932,18077.247359843725,289607
2024-01-01,18118.232966635856,18168.106741114887,18040.176346455242,18118.232966635856,330063
2024-01-02,17883.007289530524,17992.157335585744,17870.573198916503,17883.007289530524,141269
2024-01-03,17960.0513018158,18005.682421907106,17818.436613201135,17960.0513018158,180674
2024-01-04,18079.132123214087,18092.490822759646,18006.56027724442,18079.132123214087,404606
2024-01-05,18189.746542432695,18230.968910837142,18183.018804233696,18189.746542432695,496343
2024-01-08,18396.55370656523,18530.1556915899,18389.59377479663,18396.55370656523,385291
2024-01-09,18559.939676630493,18590.26149223386,18376.88835757635,18559.939676630493,177095
2024-01-10,18654.67500325778,18682.701260884543,18525.399230138344,18654.67500325778,344172
2024-01-11,18650.365522962587,18708.38747629963,18603.218402139006,18650.365522962587,300003
2024-01-12,18347.022509515267,18451.493493747792,18210.4185509267,18347.022509515267,190925
2024-01-15,18435.204447977354,18530.985639204333,18225.831245726476,18435.204447977354,166381
2024-01-16,18482.57344038189,18489.57503533214,18445.201915016394,18482.57344038189,199468
2024-01-17,18541.96622654391,18604.126371346105,18496.405884968575,18541.96622654391,342330
2024-01-18,18312.18999811168,18410.330264623088,18260.022198539613,18312.18999811168,425893
2024-01-19,18121.379994846437,18262.16125994294,18103.6680011488,18121.379994846437,113731
2024-01-22,18322.363740063443,18397.2920991313,18313.30835140811,18322.363740063443,486791
2024-01-23,18323.783943109407,18358.2701772611,18283.84034890085,18323.783943109407,151024
2024-01-24,18458.373452940654,18541.625475261335,18224.667733361992,18458.373452940654,216712
2024-01-25,18472.431587890398,18552.755546757202,18409.43417792355,18472.431587890398,201121
2024-01-26,18486.768119108037,18590.79637857131,18475.105010874267,18486.768119108037,365976
2024-01-29,18670.400927135226,18781.434911671906,18649.63244953986,18670.400927135226,132332
2024-01-30,18582.182321406744,18734.804562965975,18392.006488868465,18582.182321406744,112467
2024-01-31,18609.03351622021,18692.831923402533,18546.234167335657,18609.03351622021,141025
2024-02-01,18531.189947520335,18590.340757692396,18493.842558937093,18531.189947520335,244179
2024-02-02,18458.860491997442,18489.190104992158,18275.051469158574,18458.860491997442,177994
2024-02-05,18410.129624107463,18465.653418076756,18333.537841720015,18410.129624107463,194202
2024-02-06,18460.114754371265,18510.33678896371,18409.338798115557,18460.114754371265,143481
2024-02-07,18379.829092671676,18394.789621627217,18366.31758189699,18379.829092671676,495797
2024-02-08,18621.21180234751,18625.02162550661,18542.934328041152,18621.21180234751,175118
2024-02-09,18462.17541395268,18554.68821698418,18442.992982241598,18462.17541395268,486154
2024-02-12,18436.193619281825,18504.48352463204,18317.038163395373,18436.193619281825,223714
2024-02-13,18363.262212868907,18410.383589330504,18314.400458538155,18363.262212868907,324699
2024-02-14,18639.819492030532,18661.124797819688,18583.214607016733,18639.819492030532,260185
2024-02-15,18685.62268075684,18778.522866890744,18678.40806418658,18685.62268075684,184363
2024-02-16,18888.85136000127,19130.849058079835,18848.63287214898,18888.85136000127,485751
2024-02-19,18615.022502237436,18632.80243273421,18576.097954455337,18615.022502237436,425188
2024-02-20,18673.991247890706,18899.257044229333,18508.165108134453,18673.991247890706,311027
2024-02-21,18850.32649931346,18924.276734311657,18750.04832435584,18850.32649931346,373958
2024-02-22,18874.936262833486,18876.75395503291,18851.100158482666,18874.936262833486,461484
2024-02-23,19086.62288657153,19111.71137715871,18954.492681237545,19086.62288657153,372168
2024-02-26,18996.19834956112,18998.332182340906,18954.007951902335,18996.19834956112,294360
2024-02-27,19275.083009292543,19327.81184109741,19168.94255214056,19275.083009292543,471380
2024-02-28,19730.879077980986,19847.37145234393,19684.85233235788,19730.879077980986,157836
2024-02-29,19668.117549631916,19777.70060002618,19535.728917525226,19668.117549631916,369579
2024-03-01,19589.168685806668,19659.23731212093,19538.016406780556,19589.168685806668,355095
2024-03-04,19885.453473088415,19956.86071725642,19875.718027701183,19885.453473088415,432745
2024-03-05,20211.510903543945,20255.822189423405,19981.864207894425,20211.510903543945,361176
2024-03-06,20114.622109637912,20116.595017920758,20025.20888085741,20114.622109637912,483015
2024-03-07,20039.01336599642,20106.43074250142,19981.52700539055,20039.01336599642,349717
2024-03-08,19991.642512630424,20050.799195608823,19864.065404466794,19991.642512630424,234479
2024-03-11,19730.25984419183,19765.186420303275,19603.166623932793,19730.25984419183,461087
2024-03-12,19556.969942196272,19613.05950535295,19528.346802766955,19556.969942196272,132940
2024-03-13,19368.35084575931,19378.214788071724,19354.258317689957,19368.35084575931,105666
2024-03-14,19227.688554524975,19376.60893971314,19168.647767453545,19227.688554524975,399266
2024-03-15,19230.12277357628,19349.263679548436,19216.56720046383,19230.12277357628,480791
2024-03-18,19284.675806754916,19426.179551696205,19131.495030328908,19284.675806754916,256164
2024-03-19,19595.231723373217,19611.374357688055,19527.098860224116,19595.231723373217,491897
2024-03-20,19407.38649379502,19412.324480283525,19296.66652808762,19407.38649379502,485546
2024-03-21,19609.16951060477,19626.16494100422,19598.236533137897,19609.16951060477,306717
2024-03-22,19576.214059061567,19600.092459174815,19497.42307836387,19576.214059061567,463334
2024-03-25,19575.77639646558,19597.62318360517,19537.828762102865,19575.77639646558,462612
2024-03-26,19718.243643770813,19865.13109516232,19677.464771421983,19718.243643770813,491351
2024-03-27,19504.502144779373,19660.62632018828,19457.92094832765,19504.502144779373,126505
2024-03-28,19588.966750744843,19670.113754102396,19466.03272539849,19588.966750744843,136713
2024-03-29,19631.15885894095,19641.29391193809,19618.628812281095,19631.15885894095,405313
2024-04-01,19737.945152132932,19900.111005278726,19682.618938193136,19737.945152132932,304354
2024-04-02,19804.871322254454,19822.2851915106,19514.784550501245,19804.871322254454,177511
2024-04-03,20304.41533044316,20473.091231963568,20095.993347206848,20304.41533044316,402666
2024-04-04,20183.57107716396,20185.678896769332,20073.694778651254,20183.57107716396,312204
2024-04-05,20085.16091400664,20108.32923807847,20047.37061094576,20085.16091400664,350694
2024-04-08,19968.577086046836,20094.39557231918,19966.69813781968,19968.577086046836,349836
2024-04-09,19866.28819702278,19927.512263850957,19749.90608236725,19866.28819702278,334561
2024-04-10,19748.122165604942,19785.16928537859,19580.685452854843,19748.122165604942,461541
2024-04-11,19994.190692499786,20025.952973651936,19804.516932689698,19994.190692499786,103880
2024-04-12,20289.97530293922,20419.99790767818,20274.078743557984,20289.97530293922,143539
2024-04-15,20182.917450780482,20239.19661398875,20079.628278280798,20182.917450780482,340056
2024-04-16,20023.20669201911,20134.481454025306,20005.65767499425,20023.20669201911,319057
2024-04-17,20127.880261053757,20152.68835437404,19993.35301317576,20127.880261053757,114799
2024-04-18,20025.435496743343,20075.32103418133,19984.200785187175,20025.435496743343,204843
2024-04-19,20162.72074226258,20277.663275603896,20149.420608501994,20162.72074226258,148784
2024-04-22,20213.56028207349,20373.302054304586,20167.62014350399,20213.56028207349,213034
2024-04-23,19914.377876338927,20015.452722919614,19892.60615638522,19914.377876338927,300598
2024-04-24,20234.473158960434,20316.509531692067,20225.22604949464,20234.473158960434,154362
2024-04-25,20610.367672452856,20739.963382697686,20602.03299456384,20610.367672452856,153997
2024-04-26,20492.885712369127,20516.864423504645,20487.531076002797,20492.885712369127,281413
2024-04-29,20422.56490899396,20470.18607985888,20314.2635299375,20422.56490899396,464543
2024-04-30,20491.13250229501,20592.290514312597,20417.67013770468,20491.13250229501,376693
2024-05-01,20569.96594749354,20577.77749734356,20437.84667448287,20569.96594749354,419064
2024-05-02,20716.29436715493,20749.42464437669,20615.010793334528,20716.29436715493,316398
2024-05-03,21145.89122503469,21161.936515017802,20923.262319082278,21145.89122503469,360464
2024-05-06,21118.24783709123,21206.431610971278,20996.43880322802,21118.24783709123,257255
2024-05-07,20958.385035527866,21177.351820907486,20813.10681321983,20958.385035527866,456004
2024-05-08,20676.9969072585,20843.204917686704,20645.755971946135,20676.9969072585,124624
2024-05-09,20534.513957721014,20553.481747700473,20267.24318340176,20534.513957721014,293587
2024-05-10,20537.43605958549,20745.23447627153,20500.334096765208,20537.43605958549,334784
2024-05-13,20918.685497693416,20919.396716742336,20911.972256273744,20918.685497693416,146705
2024-05-14,20819.51333497937,20839.29593609627,20714.312519398787,20819.51333497937,189326
2024-05-15,20876.387269860057,20913.698115232204,20822.607776271576,20876.387269860057,422534
2024-05-16,20882.872796023206,20901.708278741735,20723.098437568464,20882.872796023206,168369
2024-05-17,21142.949530668804,21288.079860735514,21072.656923498223,21142.949530668804,301893
2024-05-20,21691.50917790095,21931.40229265022,21591.233223037998,21691.50917790095,371733
2024-05-21,21585.774701277587,21751.276473255228,21413.34762258841,21585.774701277587,213012
2024-05-22,21489.569160958243,21642.570289507334,21454.43185464021,21489.569160958243,435325
2024-05-23,21725.961790356152,21754.928181937434,21702.77402119585,21725.961790356152,275858
2024-05-24,21885.6261155191,21932.597529993247,21831.32796605181,21885.6261155191,325758
2024-05-27,22303.40632078789,22369.040034373516,22243.709390034364,22303.40632078789,223711
2024-05-28,22445.292414895648,22624.64425686263,22387.88862720019,22445.292414895648,176425
2024-05-29,22374.698975813226,22426.403847205387,22158.206530222342,22374.698975813226,115994
2024-05-30,22518.55557225198,22746.478215989126,22426.73604678628,22518.55557225198,211915
2024-05-31,22780.916385302204,22936.188150388436,22775.438883979223,22780.916385302204,485105
2024-06-03,22980.155399338015,23001.952785397512,22959.111267906683,22980.155399338015,204672
2024-06-04,23108.592226107543,23185.079607145806,23067.381156028692,23108.592226107543,388783
2024-06-05,23368.038417615327,23417.799160594775,23230.09210661738,23368.038417615327,379349
2024-06-06,23654.56754276696,23656.832204737835,23580.373401378256,23654.56754276696,418821
2024-06-07,23995.35993028409,24072.323476649508,23989.934254386702,23995.35993028409,132930
2024-06-10,24163.67709972274,24222.621041510385,24157.49145187655,24163.67709972274,173313
2024-06-11,24134.482510061767,24352.21754955032,24073.93100093559,24134.482510061767,324923
2024-06-12,24181.66362392326,24204.745480303663,24015.721122851475,24181.66362392326,213153
2024-06-13,24487.23903285985,24575.36345673576,24447.695263501824,24487.23903285985,380460
2024-06-14,24297.27322444291,24454.38825649881,24289.86207358318,24297.27322444291,332911
2024-06-17,24399.129049745028,24515.810122674295,24338.10189089659,24399.129049745028,196058
2024-06-18,24314.017760433366,24371.448233585987,24249.14792379469,24314.017760433366,187876
2024-06-19,24332.640135522823,24513.202441731457,24184.111108853827,24332.640135522823,185366
2024-06-20,24657.76737537819,24701.610531527866,24549.670955688427,24657.76737537819,113403
2024-06-21,24717.00243496736,24755.691715480993,24505.419915623195,24717.00243496736,442196
2024-06-24,24740.34089326338,24740.428547620286,24524.15527821006,24740.34089326338,348550
2024-06-25,24413.02937188838,24565.660575569575,24359.959100108154,24413.02937188838,361420
2024-06-26,24608.277931271612,24682.658337094945,24549.780279408267,24608.277931271612,435639
2024-06-27,24780.094391959236,24889.41587480684,24681.52449577041,24780.094391959236,263004
2024-06-28,25332.1886665096,25389.45085453776,25278.434529995506,25332.1886665096,458234
2024-07-01,25265.668301119895,25325.047946084083,25104.028829643645,25265.668301119895,398845
2024-07-02,25333.507079307634,25367.185219373252,25052.70810050604,25333.507079307634,496601
2024-07-03,25409.247722976972,25464.731322769814,25345.3758862021,25409.247722976972,352396
2024-07-04,25825.334955362832,25833.87443998376,25503.38718501555,25825.334955362832,157241
2024-07-05,25812.827791908057,26083.82657668142,25688.1950955178,25812.827791908057,241439
2024-07-08,25897.712323989166,25929.699326661925,25686.75391475855,25897.712323989166,165030
2024-07-09,26068.720392754876,26115.427738897568,25992.888826964747,26068.720392754876,277577
2024-07-10,26130.165243845902,26214.76711576363,25976.79685661367,26130.165243845902,264404
2024-07-11,26025.032159387196,26121.870259342413,25999.275480575285,26025.032159387196,307397
2024-07-12,26088.33632534186,26111.97551124784,25818.595145145275,26088.33632534186,205185
2024-07-15,26383.066210134675,26468.728469460228,26141.43924011485,26383.066210134675,136404
2024-07-16,26122.66241191453,26295.242307807377,25985.34734235426,26122.66241191453,155182
2024-07-17,26170.111585040646,26355.867430213548,25974.171813841716,26170.111585040646,395135
2024-07-18,25997.90272349184,26075.95149076667,25756.420899409357,25997.90272349184,204601
2024-07-19,26323.42579966847,26569.094429227258,26309.812478878597,26323.42579966847,278735
2024-07-22,25931.836135796413,26062.469535343527,25771.18157756873,25931.836135796413,428030
2024-07-23,25798.100153347674,25886.4108974123,25527.756250520597,25798.100153347674,222002
2024-07-24,25908.467748893938,26010.88723808073,25701.91995247342,25908.467748893938,445992
2024-07-25,26329.614802704997,26588.975175913452,26240.232739408813,26329.614802704997,419836
2024-07-26,26324.70406981526,26442.19087373643,26217.772812708256,26324.70406981526,325461
2024-07-29,26189.92962021505,26348.532158144273,26183.50924528568,26189.92962021505,399644
2024-07-30,26698.96944226624,26796.52268668855,26677.562197748364,26698.96944226624,395929
2024-07-31,26322.022236549215,26323.900716594086,26278.478859563802,26322.022236549215,184146
2024-08-01,25751.21101037164,25874.036486771613,25564.385789323278,25751.21101037164,147997
2024-08-02,25877.6782789651,25930.34405273398,25763.891922647133,25877.6782789651,107170
2024-08-05,25759.053954570027,25847.44852538385,25620.29301208796,25759.053954570027,244375
2024-08-06,25506.18070101234,25519.685516294303,25330.63486506984,25506.18070101234,433887
2024-08-07,25700.429457331837,25775.527780224747,25660.19130495568,25700.429457331837,135187
2024-08-08,25775.820914058564,26030.542806827303,25687.27248950739,25775.820914058564,296106
2024-08-09,25641.549824249178,25842.097720368445,25453.52792168673,25641.549824249178,232965
2024-08-12,25322.874978399108,25527.637337646236,25182.132939964664,25322.874978399108,244825
2024-08-13,25557.611288272376,25570.946730706582,25553.033207198587,25557.611288272376,138090
2024-08-14,25737.271132855578,25852.93237656347,25668.880183439967,25737.271132855578,421556
2024-08-15,25723.80003222434,25894.903640667602,25522.14352054064,25723.80003222434,353478
2024-08-16,26214.829867417797,26239.618661761193,26169.38515203655,26214.829867417797,418174
2024-08-19,25944.574627767845,26064.13372831542,25618.76829584564,25944.574627767845,117509
2024-08-20,25558.0093392504,25574.308847299508,25322.86571835527,25558.0093392504,168653
2024-08-21,25391.943940721176,25583.7997470941,25387.845603390473,25391.943940721176,268001
2024-08-22,25392.3686620906,25576.612602666868,25311.04415033402,25392.3686620906,491770
2024-08-23,25466.73837962076,25468.277709981165,25451.0663778117,25466.73837962076,366186
2024-08-26,25416.94478278362,25576.104857898463,25402.56793546274,25416.94478278362,293646
2024-08-27,25519.2371919886,25565.635233304976,25353.462139276166,25519.2371919886,399345
2024-08-28,25209.481086916465,25321.27094135088,25180.138921949292,25209.481086916465,323354
2024-08-29,25588.32840943826,25642.16136423254,25491.506783576682,25588.32840943826,114016
2024-08-30,25579.326037014333,25912.39621355821,25299.24243057843,25579.326037014333,387166
2024-09-02,25879.562709973517,25905.306165178783,25724.98508855536,25879.562709973517,332034
2024-09-03,25981.28329584865,26038.018436042687,25856.78282838845,25981.28329584865,127938
2024-09-04,26113.26380345964,26166.05108141299,26106.518619875354,26113.26380345964,274750
2024-09-05,26275.659706928516,26438.014668649525,26245.5642641547,26275.659706928516,480315
2024-09-06,26406.74026566703,26548.155447312427,26264.894082044495,26406.74026566703,360710
2024-09-09,26590.37873150983,26680.81475082583,26560.5523493187,26590.37873150983,332320
2024-09-10,26959.261438670346,27120.00704765271,26837.40321065056,26959.261438670346,423864
2024-09-11,27025.4986640667,27265.834745944172,26985.300639955203,27025.4986640667,467658
2024-09-12,27231.494491546542,27275.01747623017,27052.858101796664,27231.494491546542,287877
2024-09-13,27219.83232333247,27288.450775636644,27176.17365497444,27219.83232333247,233058
2024-09-16,27627.890482173556,27639.151979594888,27601.084252944576,27627.890482173556,176478
2024-09-17,27452.69641674717,27500.41970151627,27278.363409251495,27452.69641674717,227101
2024-09-18,27964.084253277277,28032.20875636465,27923.961964843955,27964.084253277277,456843
2024-09-19,27966.081906192583,28060.566443625128,27849.749309368035,27966.081906192583,291996
2024-09-20,27576.10420514272,27580.813158260255,27488.097450247256,27576.10420514272,461417
2024-09-23,27624.841153181536,27775.01613495917,27512.218042119493,27624.841153181536,305380
2024-09-24,27448.369109462947,27597.389754092797,27302.037059622082,27448.369109462947,332200
2024-09-25,27694.006788921717,27788.079630473763,27399.789620621425,27694.006788921717,163745
2024-09-26,27525.027903081977,27683.13084244516,27341.802178933507,27525.027903081977,232283
2024-09-27,27414.35208287203,27505.68471035775,27151.123928710585,27414.35208287203,493445
2024-09-30,26905.30621984762,26967.53702179197,26740.794394968274,26905.30621984762,481116
2024-10-01,26795.461844143072,27026.68078590144,26785.915458458127,26795.461844143072,201489
2024-10-02,26153.59754225096,26242.201308381165,25984.448153013855,26153.59754225096,131819
2024-10-03,25748.529331096823,25902.262136041343,25658.96373134181,25748.529331096823,147779
2024-10-04,25958.133941633285,26085.48007301447,25838.96962557851,25958.133941633285,313493
2024-10-07,26176.08652325475,26236.867954014644,26013.84923222747,26176.08652325475,454388
2024-10-08,26300.799860103263,26361.56271548626,26248.694072791324,26300.799860103263,165584
2024-10-09,26056.991104897195,26159.05510255738,25917.79735092359,26056.991104897195,246245
2024-10-10,26056.8687727274,26089.640351451897,25978.161279013042,26056.8687727274,348815
2024-10-11,26068.33067585394,26146.21114254102,25768.070592116044,26068.33067585394,420176
2024-10-14,25776.390706220813,25959.70851264028,25585.717044602257,25776.390706220813,477218
2024-10-15,26179.250459389936,26406.865908501462,26014.421547534097,26179.250459389936,461417
2024-10-16,26423.21937536813,26552.542280433896,26271.7560822707,26423.21937536813,390180
2024-10-17,26376.954457001848,26388.206620805817,26248.580610601606,26376.954457001848,354957
2024-10-18,26396.662638481448,26503.34022636347,26263.737843907198,26396.662638481448,171356
2024-10-21,26464.673422294236,26574.560622368685,26420.193588949045,26464.673422294236,245364
2024-10-22,25932.66566586764,26000.41658385542,25903.17033688617,25932.66566586764,103052
2024-10-23,25880.408145312602,25934.54972893196,25773.78921187139,25880.408145312602,406521
2024-10-24,25714.8365612672,25895.0459549778,25622.377651198807,25714.8365612672,298910
2024-10-25,25467.48065479043,25550.30728053328,25206.462905313514,25467.48065479043,429963
2024-10-28,25407.452932777887,25598.400142883627,25407.36618932527,25407.452932777887,475833
2024-10-29,25879.908777412682,26016.030319339112,25778.70151195412,25879.908777412682,246692
2024-10-30,26059.393175421894,26189.43744692237,25956.341385676533,26059.393175421894,130461
2024-10-31,25921.779966801918,25971.54606092753,25820.70408440982,25921.779966801918,382894
2024-11-01,26083.720647993712,26116.351409423412,25942.60970044447,26083.720647993712,109472
2024-11-04,26464.030882025323,26728.097912424804,26285.45474932459,26464.030882025323,431407
2024-11-05,26723.262525527178,27138.798375552877,26667.78319290745,26723.262525527178,212036
2024-11-06,26752.04904069833,26833.204465859,26747.497525849667,26752.04904069833,288674
2024-11-07,26590.351113190976,26614.707425263598,26575.543930254393,26590.351113190976,387667
2024-11-08,26790.14090685961,26861.73831505114,26766.151235154335,26790.14090685961,261838
2024-11-11,26909.14674142991,27028.57699198324,26855.890878566555,26909.14674142991,465406
2024-11-12,27164.75376740154,27208.308052848733,27070.64748738595,27164.75376740154,166060
2024-11-13,27351.596216732058,27597.105697385086,27251.128669186783,27351.596216732058,371223
2024-11-14,27653.95956593407,27685.771403293984,27517.652672609853,27653.95956593407,239471
2024-11-15,27517.944301908512,27586.428634919896,27478.84748111897,27517.944301908512,422870
2024-11-18,27896.433663618787,27989.318222230948,27729.78554901826,27896.433663618787,455050
2024-11-19,27965.276685931658,28024.225616996242,27840.181405247688,27965.276685931658,378676
2024-11-20,28563.53376709539,28683.349293664127,28367.46518059611,28563.53376709539,484833
2024-11-21,28378.722853449348,28466.307139006465,28328.850100046082,28378.722853449348,143162
2024-11-22,28888.77536993001,28969.41863972193,28603.032845628444,28888.77536993001,496965
2024-11-25,28960.157906723427,29119.461108266478,28953.3616958484,28960.157906723427,373497
2024-11-26,28783.805434772396,28847.058024324975,28510.680651919673,28783.805434772396,212313
2024-11-27,28657.13020100211,28768.74062499941,28521.310775925314,28657.13020100211,128477
2024-11-28,28578.248386742012,28643.66012011001,28459.030930597804,28578.248386742012,255642
2024-11-29,28714.03454362439,28954.441711495285,28604.342655922188,28714.03454362439,186373
2024-12-02,28879.021850505513,28879.82988825571,28656.248857161852,28879.021850505513,269176
2024-12-03,28725.78508078139,28821.835726146972,28634.903155795084,28725.78508078139,294442
2024-12-04,28732.41267264119,28889.24867308278,28646.726708141498,28732.41267264119,104551
2024-12-05,29366.486627500304,29423.325418681427,29273.352893179384,29366.486627500304,168359
2024-12-06,29891.799889967715,29995.754267293083,29856.53205177897,29891.799889967715,243988
2024-12-09,30037.490122301504,30165.01460362287,29925.722767687777,30037.490122301504,226150
2024-12-10,30063.299220886154,30107.48730242955,29999.933890662393,30063.299220886154,272517
2024-12-11,30113.98571890379,30124.76641314348,30073.810892025886,30113.98571890379,409780
2024-12-12,30314.540961100956,30544.609190438634,30263.139279972187,30314.540961100956,391829
2024-12-13,30016.470520881016,30070.054303286543,29960.93087809404,30016.470520881016,413278
2024-12-16,29952.898002035887,30086.245782434074,29934.367240303156,29952.898002035887,451060
2024-12-17,29463.421036144424,29548.158574002675,29395.978438954662,29463.421036144424,207967
2024-12-18,29596.005880827728,29670.094408999365,29522.46986513891,29596.005880827728,194455
2024-12-19,29803.157571890846,29810.574637100784,29775.951912334986,29803.157571890846,358835
2024-12-20,29672.20633320141,29673.25423070231,29525.33517379259,29672.20633320141,275405
2024-12-23,30157.06460171274,30256.631338017625,30151.78596793019,30157.06460171274,339646
2024-12-24,29798.847946873168,29902.96935604601,29678.013489772875,29798.847946873168,289937
2024-12-25,29373.22143659181,29435.04809416363,29209.605771235525,29373.22143659181,411900
2024-12-26,29453.658598418177,29526.11737428201,29415.566012710136,29453.658598418177,485007
2024-12-27,29778.530961219803,29856.85368546509,29746.855571209504,29778.530961219803,161192
2024-12-30,30298.124227864944,30624.335484322204,30179.526199483924,30298.124227864944,291758
2024-12-31,30172.419487278647,30337.938246581834,30107.378979594087,30172.419487278647,410877
2025-01-01,30514.82429089437,30587.882495064343,30452.565986281254,30514.82429089437,335161
2025-01-02,30517.51147471868,30649.160321115152,30433.46661855814,30517.51147471868,388137
2025-01-03,30478.94560550258,30584.628135676532,30411.164422024325,30478.94560550258,261564
2025-01-06,30764.918746681487,30825.21993175541,30637.912904359957,30764.918746681487,252053
2025-01-07,30981.841791551116,31146.035698349322,30958.704012665312,30981.841791551116,386287
2025-01-08,30504.338832772875,30598.445625511496,30448.799537905285,30504.338832772875,291349
2025-01-09,30972.834179535952,31078.69457602448,30971.722492209938,30972.834179535952,207044
2025-01-10,31418.415685736956,31632.996507450982,31090.64657378843,31418.415685736956,281062
2025-01-13,31235.281231120585,31424.558287220134,31210.21653842314,31235.281231120585,228406
2025-01-14,31374.762851559026,31415.746218870558,31027.674668245014,31374.762851559026,169351
2025-01-15,31545.92933601264,31604.175288712966,31489.140469360653,31545.92933601264,281071
2025-01-16,31643.833234240665,31666.52003798212,31528.637482909646,31643.833234240665,334085
2025-01-17,31483.38747749743,31762.99698794003,31424.61609064963,31483.38747749743,333883
2025-01-20,31285.258213622248,31349.182257256725,31236.39404874847,31285.258213622248,170309
2025-01-21,31292.098098681177,31453.154069751283,31105.48216967139,31292.098098681177,261805
2025-01-22,31676.871618652218,31891.113433587372,31477.644978212633,31676.871618652218,219156
2025-01-23,31865.512616936892,32108.066396216575,31748.983583605856,31865.512616936892,438144
2025-01-24,31761.654917017924,31938.359038000963,31667.89100819361,31761.654917017924,121576
2025-01-27,32023.82140947767,32124.57850217337,32001.061032912872,32023.82140947767,103320
2025-01-28,31119.64737077308,31358.292698250007,31066.948221259703,31119.64737077308,241822
2025-01-29,31494.784151935215,31579.15890907083,31332.67144605254,31494.784151935215,203002
2025-01-30,30957.531125025947,31221.809060594667,30822.507472385598,30957.531125025947,284535
2025-01-31,30859.18304706919,31031.4582074137,30682.819836181097,30859.18304706919,126572
2025-02-03,30525.625480163835,30714.24509354567,30400.446271946894,30525.625480163835,380092
2025-02-04,30141.827638532686,30165.32291857533,30132.07847461735,30141.827638532686,216528
2025-02-05,30508.841305976934,30592.479356570508,30497.724784518578,30508.841305976934,269898
2025-02-06,30379.55110489112,30403.85751424117,30368.43264624682,30379.55110489112,189051
2025-02-07,30500.116039431097,30576.63819782957,30477.203896468807,30500.116039431097,390011
2025-02-10,30500.215942347913,30670.62046824166,30318.47926233851,30500.215942347913,291303
2025-02-11,30661.388540668468,30883.453529111495,30648.553996194623,30661.388540668468,322428
2025-02-12,30699.730066112243,30754.954067672123,30527.88124642262,30699.730066112243,357412
2025-02-13,30317.360149596298,30518.37147596874,30257.706217731033,30317.360149596298,303305
2025-02-14,30636.22650683316,30699.561568477446,30608.853847734263,30636.22650683316,406822
2025-02-17,30498.350984792152,30538.04161601347,30310.905865156215,30498.350984792152,469705
2025-02-18,30034.38931921218,30179.118873210555,29943.821416391675,30034.38931921218,375107
2025-02-19,29919.093162654357,30062.278599621677,29791.856941439575,29919.093162654357,149434
2025-02-20,30385.903640591376,30438.135167799268,30008.329933907506,30385.903640591376,166617
2025-02-21,30660.762982782802,30668.221573883086,30620.17191751486,30660.762982782802,217569
2025-02-24,30567.618873810632,30572.631504090365,30372.690583838925,30567.618873810632,307384
2025-02-25,30474.5711550182,30590.14525525853,30451.453993511735,30474.5711550182,459496
2025-02-26,30390.29110379339,30425.30082766957,30309.246390245902,30390.29110379339,441876
2025-02-27,31040.881674367334,31184.32673272114,30910.592461776763,31040.881674367334,469792
2025-02-28,31175.15639560034,31313.916769049993,30985.26934230418,31175.15639560034,181494
2025-03-03,31325.127692250757,31487.27428026845,31159.5167063322,31325.127692250757,319977
2025-03-04,31665.333352428723,31957.634122873606,31527.24130864723,31665.333352428723,177225
2025-03-05,31756.623209368227,31904.213840148957,31706.59275636421,31756.623209368227,182867
2025-03-06,31688.83206187767,31925.948383078856,31598.242240349726,31688.83206187767,268600
2025-03-07,31641.209134915982,31744.04685117233,31588.588615945922,31641.209134915982,355669
2025-03-10,31633.441775444575,31646.6389262407,31485.851512717403,31633.441775444575,441116
2025-03-11,31636.637562753873,31865.947064804783,31601.406892312913,31636.637562753873,458405
2025-03-12,31883.71992135146,32030.681521793646,31713.911698236898,31883.71992135146,190748
2025-03-13,31915.595855022944,32075.805343738062,31683.790210117066,31915.595855022944,354265
2025-03-14,32166.46866309605,32199.803953376024,32019.094622452478,32166.46866309605,264404
2025-03-17,32155.61710605514,32166.766155806195,32021.05859755812,32155.61710605514,486625
2025-03-18,32196.41482490508,32312.601633214876,32173.816956767147,32196.41482490508,229529
2025-03-19,31563.31162774359,31591.21688919172,31514.765255210106,31563.31162774359,364395
2025-03-20,31869.851521883007,31956.964587511837,31786.26215767284,31869.851521883007,461252
2025-03-21,31996.32594581801,32039.78577309221,31779.998357528802,31996.32594581801,258099
2025-03-24,32333.41321920579,32603.95530889662,32264.855573875553,32333.41321920579,197382
2025-03-25,31404.9489163542,31615.434470633387,31398.754753679692,31404.9489163542,109583
2025-03-26,32080.941352602127,32289.400299826208,31850.614706487784,32080.941352602127,150387
2025-03-27,32051.08231381904,32184.051423938483,31840.215708608324,32051.08231381904,385248
2025-03-28,32424.337147737424,32555.88212495416,32378.779454373573,32424.337147737424,112224
2025-03-31,32099.92918784485,32284.225039134657,31757.64834491546,32099.92918784485,422768
2025-04-01,32313.469822844112,32445.75755625957,32149.86068095403,32313.469822844112,466464
2025-04-02,31985.771156921677,32231.730848908024,31960.477793553273,31985.771156921677,327444
2025-04-03,31799.90792770485,31978.392035121327,31284.257638534356,31799.90792770485,440716
2025-04-04,32428.522567265092,32577.288871949044,32054.310996182783,32428.522567265092,447613
2025-04-07,32381.640409832216,32546.408148223563,32352.262317266857,32381.640409832216,440072
2025-04-08,32468.025165983952,32512.09974890562,32450.762403612644,32468.025165983952,366285
2025-04-09,32768.213127507996,32858.56758811706,32605.095991324866,32768.213127507996,254422
2025-04-10,32947.527156758384,33003.635019041656,32666.950527668778,32947.527156758384,433015
2025-04-11,33013.167544320815,33077.658093803235,32742.78490574281,33013.167544320815,236149
2025-04-14,33150.32575440461,33370.19067019286,32854.23111142369,33150.32575440461,146015
2025-04-15,33969.150158241246,34147.032620439284,33863.5001896736,33969.150158241246,271929
2025-04-16,33965.59860170473,34164.2277227616,33866.63344750368,33965.59860170473,332268
2025-04-17,34050.61715616092,34089.67163818806,33966.02289413402,34050.61715616092,290912
2025-04-18,34427.41418306903,34434.89817786232,34243.26685825926,34427.41418306903,422046
2025-04-21,34827.42095569293,35094.04358329257,34618.50910149351,34827.42095569293,105577
2025-04-22,35260.68561348717,35351.3504898731,34852.3415105484,35260.68561348717,382146
2025-04-23,35504.4774998133,35606.030502653004,35352.16077135517,35504.4774998133,150711
2025-04-24,35112.358375061034,35123.27674144398,34966.958753354804,35112.358375061034,139451
2025-04-25,35707.148833762694,35907.88609757588,35346.77660079835,35707.148833762694,280175
2025-04-28,35311.58914339836,35370.573133011,35285.97698641376,35311.58914339836,134831
2025-04-29,35436.11437678959,35536.15157762849,35295.57905474656,35436.11437678959,349402
2025-04-30,35183.589697933916,35362.96695654471,35162.117657652605,35183.589697933916,331376
2025-05-01,35177.59922406887,35181.741764690465,35097.069188896305,35177.59922406887,458642
2025-05-02,35310.915434082875,35341.69847636477,35282.77930256943,35310.915434082875,491093
2025-05-05,35442.101373314625,35482.028304380554,35376.430214153566,35442.101373314625,344942
2025-05-06,35609.698279539945,35675.49199174955,35369.68052492597,35609.698279539945,195119
2025-05-07,36205.83565405081,36229.63603001031,36076.457598369605,36205.83565405081,428974
2025-05-08,36388.58050244096,36538.87392242502,36293.73732350146,36388.58050244096,442776
2025-05-09,36316.36092013057,36395.66935851332,36257.94995008612,36316.36092013057,398977
2025-05-12,36686.54360193218,36981.242406212754,36655.71593493551,36686.54360193218,343466
2025-05-13,37143.838657394954,37468.76996867186,36959.020484144385,37143.838657394954,323936
2025-05-14,36701.940887072225,36955.451116743745,36668.63329543462,36701.940887072225,386542
2025-05-15,36940.40870948966,37179.0922700758,36538.300346475946,36940.40870948966,161554
2025-05-16,37219.063046855656,37347.414438292304,37185.849375827944,37219.063046855656,150755
2025-05-19,37125.160551845525,37218.52564739676,36859.927692803925,37125.160551845525,253412
2025-05-20,37657.61004361201,37707.22153764408,37380.04857870601,37657.61004361201,427138
2025-05-21,37618.5881857044,37673.92966742268,37508.37932645866,37618.5881857044,163884
2025-05-22,37684.11533326508,37728.28258617577,37622.10484423572,37684.11533326508,446505
2025-05-23,37636.32397844068,37783.81427100662,37400.5620220241,37636.32397844068,117482
2025-05-26,37660.15576985638,37790.18518783493,37575.75472550764,37660.15576985638,154225
2025-05-27,37261.966514423904,37432.66207680114,37132.99347148038,37261.966514423904,289921
2025-05-28,36738.87713604693,36891.678205583004,36377.19700894922,36738.87713604693,174854
2025-05-29,37346.80602339517,37359.35049623245,37327.4906046417,37346.80602339517,141256
2025-05-30,37045.776667860475,37178.356091382404,36667.525203250705,37045.776667860475,340617
2025-06-02,36693.24516081142,36818.37867910958,36642.35925059994,36693.24516081142,208721
2025-06-03,35914.32308895117,36181.39028362884,35910.322416668685,35914.32308895117,181110
2025-06-04,35700.132271301714,35803.672158508256,35642.64036581857,35700.132271301714,213606
2025-06-05,35241.0535188285,35283.237852908576,35239.09904930458,35241.0535188285,114650
2025-06-06,35841.07289999834,35930.619152325395,35695.37636307373,35841.07289999834,277190
2025-06-09,36222.93050226246,36308.41702954455,36073.82244641495,36222.93050226246,128930
2025-06-10,35988.940765065054,36002.60851325419,35948.316174653555,35988.940765065054,316779
2025-06-11,36823.11436818826,36959.85376634077,36819.87149423652,36823.11436818826,360102
2025-06-12,37205.02369608677,37294.73411464626,37023.58111530054,37205.02369608677,462544
2025-06-13,37100.931401590235,37330.52354473569,36859.12460976953,37100.931401590235,373945
2025-06-16,36183.96514106904,36341.212704749094,36063.70723623751,36183.96514106904,151360
2025-06-17,37036.70255945991,37201.01419357782,36934.310736497406,37036.70255945991,450052
2025-06-18,36535.618805968625,36675.054456679434,36352.60735114628,36535.618805968625,247631
2025-06-19,35947.107805508465,35953.92658281218,35857.67664266691,35947.107805508465,394478
2025-06-20,36334.7158229825,36458.85864681948,36192.646449617656,36334.7158229825,336545
2025-06-23,37245.50300543225,37284.48299791336,37104.025381705505,37245.50300543225,113288
2025-06-24,37782.89412317006,37985.59520304621,37448.313645039045,37782.89412317006,253470
2025-06-25,38015.63146765353,38464.951995613395,37926.00156087674,38015.63146765353,307302
2025-06-26,38261.62114454862,38411.98664357656,37911.30828656981,38261.62114454862,374335
2025-06-27,38608.95290198525,38875.55633217878,38371.80825186487,38608.95290198525,380195
2025-06-30,38922.668854713025,38981.79600765619,38518.73173093214,38922.668854713025,161715
2025-07-01,39051.51587450365,39192.40642262055,39034.71011463196,39051.51587450365,110737
2025-07-02,39111.125626864974,39156.27284561728,39081.729614835065,39111.125626864974,165140
2025-07-03,39105.07556778495,39389.224908079246,39041.19816726314,39105.07556778495,256323
2025-07-04,38826.52783532429,39086.394912041695,38624.12947591121,38826.52783532429,282047
2025-07-07,38735.178784436655,38869.38041816763,38508.14536435406,38735.178784436655,367291
2025-07-08,38092.67022690065,38208.06450914349,38004.2247865237,38092.67022690065,150508
2025-07-09,38073.053271347686,38400.363104430726,37968.24730622478,38073.053271347686,414368
2025-07-10,37711.821041678835,38087.52795378621,37652.16879964475,37711.821041678835,381787
2025-07-11,37310.30538300023,37453.32634007066,37145.16088890426,37310.30538300023,401111
2025-07-14,37395.72184593786,37498.47727490229,37361.86698611121,37395.72184593786,203535
2025-07-15,37938.193713912304,38101.24977276417,37690.97364069838,37938.193713912304,402877
2025-07-16,38307.40638894364,38381.55624457915,38195.133931308905,38307.40638894364,396952
2025-07-17,37719.27401455126,37727.83840541386,37641.49426546779,37719.27401455126,298360
2025-07-18,37361.004144751554,37365.74682917713,37312.95808576409,37361.004144751554,158959
2025-07-21,37733.05521525745,38095.23088124773,37687.650053662765,37733.05521525745,495065
2025-07-22,37377.370167763525,37379.95626055378,37375.8974648619,37377.370167763525,430322
2025-07-23,37310.54321019907,37439.21379978654,37249.799584044544,37310.54321019907,298208
2025-07-24,37535.159938063436,37627.707158102865,37504.31819688162,37535.159938063436,291812
2025-07-25,37186.690861364834,37455.11034651767,37147.255611592234,37186.690861364834,212255
2025-07-28,37243.89424602129,37477.88029547096,37058.911514243315,37243.89424602129,186322
2025-07-29,36760.85871509421,36910.329319976336,36574.13582494104,36760.85871509421,406709
2025-07-30,36555.54837635371,36606.53659082849,36301.7537038577,36555.54837635371,101132
2025-07-31,36690.777929532305,36742.10102061136,36397.20197092034,36690.777929532305,269331
2025-08-01,36119.14745401069,36261.88524929567,35899.31138874305,36119.14745401069,327684
2025-08-04,36296.700461386325,36358.414161288696,36267.76064716487,36296.700461386325,425812
2025-08-05,36306.800383710135,36410.38604464213,36144.72909315997,36306.800383710135,359427
2025-08-06,36526.26648880401,36703.08734340899,36432.464394838964,36526.26648880401,208835
2025-08-07,36626.09397370368,36686.766633587424,36619.73682858373,36626.09397370368,242003
2025-08-08,37147.116043099864,37260.8301882129,36781.49477086029,37147.116043099864,358228
2025-08-11,37211.690168636036,37413.591594539044,37089.82642609564,37211.690168636036,173169
2025-08-12,37068.35778728908,37221.340851522364,36918.08291584787,37068.35778728908,360529
2025-08-13,37131.701436781346,37679.225905328545,36947.182376225705,37131.701436781346,353608
2025-08-14,37352.71377566449,37585.17457627286,37274.23730350093,37352.71377566449,334385
2025-08-15,37388.89561990795,37641.47151217237,37228.77800392231,37388.89561990795,289973
2025-08-18,37421.99661742443,37669.44170334415,37403.72151488294,37421.99661742443,200417
2025-08-19,37175.0406034782,37264.60755552731,36940.001705370276,37175.0406034782,101044
2025-08-20,36944.36119581579,37045.452937536225,36613.135333590864,36944.36119581579,277763
2025-08-21,36439.67381454543,36539.679554150636,36369.92514694494,36439.67381454543,331807
2025-08-22,37099.6060193113,37146.899816777215,37076.654543511395,37099.6060193113,124363
2025-08-25,36652.15611062665,36675.1469562385,36579.27701956471,36652.15611062665,408838
2025-08-26,36413.637166215536,36473.333596350385,36198.0628705114,36413.637166215536,494798
2025-08-27,36167.310776116625,36182.84337137715,36094.994407820755,36167.310776116625,383445
2025-08-28,36510.7620822594,36915.90382175168,36461.601299052025,36510.7620822594,436473
2025-08-29,36419.60847938585,36461.45454225714,36411.43354648327,36419.60847938585,101620
2025-09-01,36894.96625861539,37052.029316937405,36861.29941178479,36894.96625861539,424368
2025-09-02,36662.08681953871,36694.2049007977,36539.24771124798,36662.08681953871,195419
2025-09-03,36782.638628401415,37331.66714392613,36567.14424524427,36782.638628401415,268606
2025-09-04,36490.46249085854,36557.510370508884,36275.866945757036,36490.46249085854,482194
2025-09-05,37296.80177908917,37355.27005187433,37205.87958031018,37296.80177908917,302701
2025-09-08,36868.12440596227,37038.04986822477,36650.253866714535,36868.12440596227,418000
2025-09-09,37000.808719710956,37090.107930640705,36911.83877795314,37000.808719710956,280324
2025-09-10,37254.784527974276,37333.037176590144,37217.0595457693,37254.784527974276,417953
2025-09-11,37427.90353848488,37541.46926581062,37329.03828397404,37427.90353848488,122259
2025-09-12,37375.82883922756,37760.15394062498,37182.20566568785,37375.82883922756,120655
2025-09-15,37344.72171479697,37555.885284335614,37079.018701841815,37344.72171479697,121602
2025-09-16,37378.995528036896,37467.51498444225,37197.684176085044,37378.995528036896,448089
2025-09-17,37341.412800815895,37514.37470174353,37267.185957648915,37341.412800815895,242182
2025-09-18,37721.96581559356,37826.740960870826,37488.53215193152,37721.96581559356,499289
2025-09-19,38580.37321123689,38757.5895536232,38507.11532557685,38580.37321123689,462990
2025-09-22,38381.9621235753,38462.058909732434,38196.18464539016,38381.9621235753,442962
2025-09-23,37870.325739049025,37926.201494921515,37811.568469637714,37870.325739049025,101537
2025-09-24,37854.662233990755,38039.358295556136,37738.38725837931,37854.662233990755,356210
2025-09-25,38856.948325967045,39035.39001030717,38719.04715499925,38856.948325967045,277274
2025-09-26,38560.699541122434,38800.87820845395,38371.966210365186,38560.699541122434,271236
2025-09-29,39216.11324470275,39226.88475629258,38947.141075203544,39216.11324470275,488689
2025-09-30,39897.91773660297,40039.471529964634,39576.982705411414,39897.91773660297,189743
2025-10-01,39694.300527263644,39944.077887960564,39529.92053612469,39694.300527263644,186155
2025-10-02,39940.84186227468,39984.181080736766,39722.99219487869,39940.84186227468,482342
2025-10-03,40615.398175906565,40678.0439323243,40521.385812845234,40615.398175906565,189846
2025-10-06,40479.5373144324,40970.69911723526,40449.18965976782,40479.5373144324,334507
2025-10-07,40415.75343690573,40503.24542465505,40126.14388503831,40415.75343690573,392706
2025-10-08,40198.049856193604,40474.93754108402,40092.59782820889,40198.049856193604,390180
2025-10-09,39806.05471390979,39918.4618384649,39707.802454534445,39806.05471390979,291824
2025-10-10,39564.51507439668,39766.56774834044,39308.124541670586,39564.51507439668,436377
2025-10-13,39095.28119688611,39503.52248423088,38878.85816147641,39095.28119688611,183049
2025-10-14,39127.32836304068,39437.60481222186,39055.82200896536,39127.32836304068,339647
2025-10-15,38842.30885201309,39207.411869943106,38812.924796806394,38842.30885201309,430825
2025-10-16,38952.3308952272,39316.723168249846,38680.48468090827,38952.3308952272,389962
2025-10-17,38360.03095984328,38434.759019374986,38246.61008373362,38360.03095984328,424676
2025-10-20,38506.22678207223,38673.40016630652,38366.83610256169,38506.22678207223,419849
2025-10-21,38848.06090984241,38951.907426351696,38810.10822852381,38848.06090984241,120104
2025-10-22,38085.90950626084,38587.83375560848,37999.8449918606,38085.90950626084,486480
2025-10-23,38247.634706376055,38248.280232092446,38096.68305224384,38247.634706376055,227904
2025-10-24,38739.11416727619,38802.61167648228,38737.74958479199,38739.11416727619,431747
2025-10-27,38285.252710458764,38462.18228978345,38243.9793744474,38285.252710458764,202499
2025-10-28,38948.89447101123,39146.34510326337,38876.4772039358,38948.89447101123,421169
2025-10-29,39131.93499990575,39148.70052205757,38989.404435758144,39131.93499990575,327336
2025-10-30,38872.503532231036,39052.37139245761,38810.39991276281,38872.503532231036,394461
2025-10-31,38869.16403464647,38918.79680010192,38547.790430348716,38869.16403464647,273084
2025-11-03,39106.405739986505,39281.474622787166,39079.05330556025,39106.405739986505,467729
2025-11-04,39154.98578260747,39234.88169538342,38959.970809894265,39154.98578260747,252472
2025-11-05,39386.24845973516,39582.35562253134,39112.47032894383,39386.24845973516,410414
2025-11-06,39039.5184309718,39166.618657540545,39008.72377788677,39039.5184309718,303141
2025-11-07,39124.74900526263,39292.68242762503,38910.07770503228,39124.74900526263,219415
2025-11-10,38585.89509267201,38631.16031616681,38300.95274110452,38585.89509267201,294716
2025-11-11,38561.01248246436,38568.38496146915,38418.45793210333,38561.01248246436,180206
2025-11-12,38228.06350511423,38504.947728072104,38000.2434878759,38228.06350511423,431612
2025-11-13,37962.86569900057,38019.74862070761,37782.539082422016,37962.86569900057,290545
2025-11-14,38453.90924053778,38463.562059473676,38407.18683290327,38453.90924053778,123723
2025-11-17,38895.18948321891,39404.87070257852,38597.116089729134,38895.18948321891,422790
2025-11-18,39152.509385779376,39370.190882845876,39114.084985550806,39152.509385779376,297327
2025-11-19,38740.10475396775,39023.716652005976,38681.66530422212,38740.10475396775,100074
2025-11-20,38635.00645509234,38827.57468083067,38601.09723827798,38635.00645509234,355245
2025-11-21,39125.78949276264,39180.69009719307,38765.09009468577,39125.78949276264,388642
2025-11-24,39200.30701223428,39544.99932672655,39025.80334733003,39200.30701223428,296594
2025-11-25,40135.34546491191,40210.018373374216,40122.486548908266,40135.34546491191,196881
2025-11-26,40313.56492819374,40392.00690070355,40205.46593618763,40313.56492819374,145929
2025-11-27,40410.795749065735,40421.528988361475,39967.059384979184,40410.795749065735,223199
2025-11-28,40304.13506518959,40550.70949268241,40271.46373216436,40304.13506518959,331525
2025-12-01,40377.57549807131,40598.93934441887,40348.69568554284,40377.57549807131,388172
2025-12-02,40334.75261514651,40460.9353081869,40163.40816826819,40334.75261514651,129545
2025-12-03,40641.83137558256,40909.91448571053,40501.0363700532,40641.83137558256,179569
2025-12-04,41053.07970530938,41094.74460673757,40933.49797138395,41053.07970530938,131673
2025-12-05,40747.40509773855,40910.40257512517,40584.427598335176,40747.40509773855,464655
2025-12-08,40220.07758682201,40232.852403420504,39836.3776168674,40220.07758682201,455288
2025-12-09,39494.86855988677,39739.230842288474,39417.25072500056,39494.86855988677,426968
2025-12-10,39715.892183606215,39806.70289975027,39516.988675717956,39715.892183606215,123525
2025-12-11,39293.12844198549,39301.541765096474,39019.36250334507,39293.12844198549,157804
2025-12-12,38459.21402812145,38470.37157200392,38322.57822810765,38459.21402812145,246115
2025-12-15,38628.153612817056,38792.02020505547,38545.23039653986,38628.153612817056,141846
2025-12-16,39617.160419024025,40062.237294965336,39541.95919476638,39617.160419024025,177261
2025-12-17,39633.60159762157,39753.83018648101,39523.39665337114,39633.60159762157,333312
2025-12-18,39987.425943029004,40029.669398018974,39961.42206124598,39987.425943029004,284100
2025-12-19,40039.44770022637,40279.70019328634,39705.30459028954,40039.44770022637,391627
2025-12-22,40018.606225119285,40117.032476858905,39830.00693672869,40018.606225119285,107265
2025-12-23,40408.37187067373,40787.51406857702,40082.118961354325,40408.37187067373,384907
2025-12-24,40309.39148590676,40434.292442325495,40244.48769116224,40309.39148590676,306724
2025-12-25,40437.22271130318,40565.68416339982,40169.23874438222,40437.22271130318,115733
2025-12-26,40587.59255111892,40829.02107927297,40302.0963791175,40587.59255111892,474340
2025-12-29,40333.61453979978,40459.525071241755,40215.45636876466,40333.61453979978,191038
2025-12-30,40756.11066510148,40793.71334458717,40605.97123912437,40756.11066510148,399564
2025-12-31,40703.647845960775,40826.72441527121,40415.61515902066,40703.647845960775,240319
